Team,Age,G,AB,PA,H,1B,2B,3B,HR,R,RBI,BB,IBB,SO,HBP,SF,SH,GDP,SB,CS,AVG,GB,FB,LD,IFFB,Pitches,Balls,Strikes,IFH,BU,BUH,BB%,K%,BB/K,OBP,SLG,OPS,ISO,BABIP,GB/FB,LD%,GB%,FB%,IFFB%,HR/FB,IFH%,BUH%,wOBA,wRAA,wRC,Bat,Fld,Rep,Pos,RAR,WAR,Dol,Spd,wRC+,WPA,-WPA,+WPA,RE24,REW,pLI,phLI,PH,WPA/LI,Clutch,FB%.1,FBv,SL%,SLv,CT%,CTv,CB%,CBv,CH%,CHv,SF%,SFv,KN%,KNv,XX%,PO%,wFB,wSL,wCT,wCB,wCH,wSF,wKN,wFB/C,wSL/C,wCT/C,wCB/C,wCH/C,wSF/C,wKN/C,O-Swing%,Z-Swing%,Swing%,O-Contact%,Z-Contact%,Contact%,Zone%,F-Strike%,SwStr%,BsR,FA% (sc),FT% (sc),FC% (sc),FS% (sc),FO% (sc),SI% (sc),SL% (sc),CU% (sc),KC% (sc),EP% (sc),CH% (sc),SC% (sc),KN% (sc),UN% (sc),vFA (sc),vFT (sc),vFC (sc),vFS (sc),vFO (sc),vSI (sc),vSL (sc),vCU (sc),vKC (sc),vEP (sc),vCH (sc),vSC (sc),vKN (sc),FA-X (sc),FT-X (sc),FC-X (sc),FS-X (sc),FO-X (sc),SI-X (sc),SL-X (sc),CU-X (sc),KC-X (sc),EP-X (sc),CH-X (sc),SC-X (sc),KN-X (sc),FA-Z (sc),FT-Z (sc),FC-Z (sc),FS-Z (sc),FO-Z (sc),SI-Z (sc),SL-Z (sc),CU-Z (sc),KC-Z (sc),EP-Z (sc),CH-Z (sc),SC-Z (sc),KN-Z (sc),wFA (sc),wFT (sc),wFC (sc),wFS (sc),wFO (sc),wSI (sc),wSL (sc),wCU (sc),wKC (sc),wEP (sc),wCH (sc),wSC (sc),wKN (sc),wFA/C (sc),wFT/C (sc),wFC/C (sc),wFS/C (sc),wFO/C (sc),wSI/C (sc),wSL/C (sc),wCU/C (sc),wKC/C (sc),wEP/C (sc),wCH/C (sc),wSC/C (sc),wKN/C (sc),O-Swing% (sc),Z-Swing% (sc),Swing% (sc),O-Contact% (sc),Z-Contact% (sc),Contact% (sc),Zone% (sc),Pace,Def,wSB,UBR,Age Rng,Off,Lg,wGDP,Pull%,Cent%,Oppo%,Soft%,Med%,Hard%,TTO%,CH% (pi),CS% (pi),CU% (pi),FA% (pi),FC% (pi),FS% (pi),KN% (pi),SB% (pi),SI% (pi),SL% (pi),XX% (pi),vCH (pi),vCS (pi),vCU (pi),vFA (pi),vFC (pi),vFS (pi),vKN (pi),vSB (pi),vSI (pi),vSL (pi),vXX (pi),CH-X (pi),CS-X (pi),CU-X (pi),FA-X (pi),FC-X (pi),FS-X (pi),KN-X (pi),SB-X (pi),SI-X (pi),SL-X (pi),XX-X (pi),CH-Z (pi),CS-Z (pi),CU-Z (pi),FA-Z (pi),FC-Z (pi),FS-Z (pi),KN-Z (pi),SB-Z (pi),SI-Z (pi),SL-Z (pi),XX-Z (pi),wCH (pi),wCS (pi),wCU (pi),wFA (pi),wFC (pi),wFS (pi),wKN (pi),wSB (pi),wSI (pi),wSL (pi),wXX (pi),wCH/C (pi),wCS/C (pi),wCU/C (pi),wFA/C (pi),wFC/C (pi),wFS/C (pi),wKN/C (pi),wSB/C (pi),wSI/C (pi),wSL/C (pi),wXX/C (pi),O-Swing% (pi),Z-Swing% (pi),Swing% (pi),O-Contact% (pi),Z-Contact% (pi),Contact% (pi),Zone% (pi),Pace (pi),FRM,AVG+,BB%+,K%+,OBP+,SLG+,ISO+,BABIP+,LD+%,GB%+,FB%+,HR/FB%+,Pull%+,Cent%+,Oppo%+,Soft%+,Med%+,Hard%+,EV,LA,Barrels,Barrel%,maxEV,HardHit,HardHit%,Events,CStr%,CSW%,xBA,xSLG,xwOBA,L-WAR
BAL,28,74,176,202,50,27,12,0,11,32,31,22,0,47,3,0,1,5,11,0,.284,49,53,27,2,813,298,515,3,1,0,10.9%,23.3%,0.47,.373,.540,.913,.256,.331,0.92,20.9%,38.0%,41.1%,3.8%,20.8%,6.1%,0.0%,.392,11.8,36,12.1,-6.8,6.3,-0.5,11.5,1.1,$9.2,5.7,150,1.07,-2.25,3.31,9.19,0.91,0.67,0.76,1,1.11,0.49,47.3%,93.3,23.5%,82.8,15.7%,89.0,3.5%,79.5,8.4%,85.1,1.7%,86.2,,,0.4%,,8.1,3.8,-2.6,0.3,0.2,0.1,,2.10,2.02,-2.07,0.99,0.32,0.55,,32.9%,65.4%,46.0%,62.3%,86.4%,76.1%,40.4%,59.9%,10.9%,0.2,33.3%,,15.6%,1.0%,,13.8%,23.0%,3.8%,,,9.5%,,,,93.9,,88.8,86.6,,91.7,82.8,79.3,,,85.1,,,-1.9,,0.2,-9.7,,-5.3,2.3,6.1,,,-3.3,,,8.3,,4.9,0.7,,4.1,0.5,0.2,,,3.0,,,4.9,,-2.8,0.8,,2.9,2.8,0.2,,,-0.4,,,1.82,,-2.21,9.42,,2.62,1.52,0.75,,,-0.51,,,30.3%,63.5%,46.0%,56.6%,86.1%,75.9%,47.4%,19.1,-7.4,1.8,-0.8,22 - 35,12.3,0.3,-0.8,40.8%,34.6%,24.6%,11.5%,53.1%,35.4%,39.6%,8.8%,,0.9%,32.6%,16.4%,1.7%,,,14.4%,25.2%,,85.6,,78.8,94.6,89.3,86.6,,,92.1,82.9,,-2.4,,4.8,-1.4,1.0,-7.3,,,-4.6,3.2,,1.3,,-7.2,7.2,3.3,1.1,,,2.6,-0.9,,0.3,,-0.2,4.4,-3.1,0.1,,,3.3,3.8,,0.44,,-3.06,1.65,-2.35,0.59,,,2.80,1.85,,30.3%,62.7%,46.0%,56.3%,85.8%,75.9%,48.6%,19.1,-0.1,115,122,106,116,132,159,113,113,88,107,169,101,99,99,69,104,109,90.4,12.9,12,9.2%,109.9,57,43.8%,130,17.3%,28.3%,,,,1.4
STL,28,72,183,199,63,49,7,0,7,27,26,14,1,31,1,1,0,6,3,0,.344,71,44,37,4,714,252,462,3,1,0,7.0%,15.6%,0.45,.392,.497,.889,.153,.384,1.61,24.3%,46.7%,28.9%,9.1%,15.9%,4.2%,0.0%,.385,10.6,35,11.3,-0.5,6.2,-0.5,17.4,1.7,$14.0,3.7,146,1.28,-2.57,3.85,7.56,0.83,0.85,0.67,3,1.08,0.44,49.6%,93.6,16.8%,82.7,7.8%,86.4,8.0%,80.4,8.4%,84.7,9.3%,85.0,,,5.3%,,5.8,2.3,1.5,-0.5,0.7,-0.5,,1.74,2.01,2.74,-0.95,1.15,-0.76,,33.6%,70.2%,48.5%,68.3%,81.8%,76.2%,40.6%,63.8%,11.5%,0.3,38.4%,,4.5%,6.9%,,13.2%,20.4%,8.2%,,,8.4%,,,,93.5,,88.4,85.3,,93.3,82.7,80.7,,,84.9,,,-3.1,,0.5,-8.3,,-5.2,4.0,5.7,,,-7.1,,,9.1,,5.0,2.5,,5.1,1.4,-4.4,,,3.3,,,2.5,,1.2,-0.6,,1.5,2.7,-1.1,,,2.4,,,0.92,,3.85,-1.31,,1.59,1.89,-1.89,,,4.01,,,33.0%,64.8%,48.5%,64.2%,82.2%,75.9%,48.8%,18.5,-1.0,0.1,0.9,21 - 35,11.6,0.8,-0.7,41.2%,34.6%,24.2%,13.1%,48.4%,38.6%,26.1%,8.9%,,5.6%,38.8%,4.8%,6.6%,,,13.2%,22.1%,,84.8,,80.6,93.7,88.3,85.7,,,93.2,82.6,,-6.6,,8.0,-3.1,1.0,-8.2,,,-5.1,3.8,,1.9,,-6.9,8.2,4.0,1.1,,,4.0,-0.3,,0.6,,-0.1,2.9,1.2,-0.5,,,2.4,2.0,,1.02,,-0.17,1.07,3.62,-1.10,,,2.58,1.28,,32.5%,64.7%,48.5%,65.5%,81.2%,75.9%,49.8%,18.5,0.1,136,80,69,121,119,93,127,116,106,83,113,97,107,96,74,93,126,90.5,9.5,11,7.2%,114.8,72,47.1%,153,15.8%,27.3%,,,,1.8
LAD,30,85,190,229,49,25,9,2,13,38,38,33,0,59,3,3,0,3,1,3,.258,49,54,31,2,927,379,548,3,0,0,14.4%,25.8%,0.56,.371,.532,.903,.274,.298,0.91,23.1%,36.6%,40.3%,3.7%,24.1%,6.1%,0.0%,.385,11.9,40,12.2,3.7,7.1,-0.6,22.5,2.3,$18.0,4.6,144,0.62,-3.33,3.95,14.50,1.55,0.89,1.44,5,1.09,-0.39,43.5%,93.8,25.1%,85.6,6.1%,88.6,12.1%,81.9,12.1%,84.4,1.2%,87.5,,,0.2%,,6.4,0.9,-1.3,0.2,6.2,-0.2,,1.60,0.40,-2.34,0.17,5.51,-2.07,,28.4%,69.1%,44.6%,53.8%,84.7%,72.9%,39.9%,55.9%,12.1%,-0.6,27.2%,,10.2%,1.2%,,16.1%,20.6%,8.2%,4.2%,,12.2%,,,,93.7,,88.0,87.4,,93.7,85.2,80.3,85.1,,84.4,,,-3.8,,-0.5,-4.0,,-7.6,1.0,3.3,0.6,,-5.7,,,9.3,,4.5,2.9,,4.7,1.4,-3.9,-3.0,,2.9,,,6.0,,-0.3,-0.2,,0.2,-1.6,1.7,-0.2,,6.1,,,2.37,,-0.29,-2.07,,0.15,-0.82,2.21,-0.52,,5.39,,,24.5%,67.7%,44.6%,49.6%,82.5%,72.9%,46.6%,19.2,3.0,-1.5,0.5,23 - 35,11.5,0.9,0.4,38.8%,32.8%,28.4%,16.4%,47.0%,36.6%,45.9%,12.2%,,12.3%,26.8%,7.1%,1.2%,,,16.4%,23.9%,,84.6,,82.1,94.0,87.9,87.7,,,93.9,85.9,,-5.3,,3.1,-3.1,-1.1,-3.4,,,-7.1,1.7,,1.5,,-5.1,8.3,4.9,1.4,,,3.6,0.0,,6.1,,0.0,6.1,-0.8,-0.2,,,0.1,0.5,,5.39,,0.04,2.45,-1.25,-2.07,,,0.04,0.22,,24.6%,66.4%,44.5%,47.9%,83.3%,73.1%,47.7%,19.2,0.0,102,163,113,115,127,166,99,110,83,115,171,92,101,112,93,91,120,91.5,14.4,18,13.4%,112.7,74,55.2%,134,14.5%,26.5%,,,,2.0
TBR,28,76,166,189,46,23,12,0,11,37,36,17,0,38,3,3,0,2,4,1,.277,59,58,14,4,765,282,483,5,0,0,9.0%,20.1%,0.45,.349,.548,.897,.271,.292,1.02,10.7%,45.0%,44.3%,6.9%,19.0%,8.5%,0.0%,.379,9.0,32,10.4,-0.5,5.9,-0.8,17.1,1.7,$13.7,5.2,147,1.49,-1.92,3.41,17.70,1.94,0.63,0.77,5,1.68,0.69,44.7%,93.4,17.7%,84.8,9.2%,86.3,8.1%,81.1,16.5%,86.1,3.8%,84.1,,,0.3%,,4.0,6.5,0.0,0.0,0.7,-1.6,,1.18,4.79,0.01,0.07,0.56,-5.63,,31.7%,68.4%,46.4%,66.9%,83.3%,76.6%,40.1%,58.2%,10.8%,1.8,28.1%,,9.2%,3.3%,,16.6%,17.0%,5.9%,2.4%,,17.6%,,,,92.9,,86.4,84.6,,94.1,84.7,81.5,79.9,,85.9,,,-0.2,,-1.0,3.0,,-7.4,1.3,0.4,4.8,,-1.1,,,9.4,,4.6,1.7,,5.9,0.5,-3.9,-6.3,,3.7,,,4.7,,0.0,0.5,,-1.1,3.8,1.0,-0.7,,0.7,,,2.20,,0.00,1.83,,-0.90,2.91,2.31,-3.65,,0.48,,,28.9%,63.4%,46.3%,61.8%,83.6%,76.8%,50.3%,18.0,-1.3,0.0,1.5,22 - 31,12.2,0.3,0.3,42.0%,33.6%,24.4%,14.5%,45.8%,39.7%,34.9%,16.6%,,7.7%,30.5%,11.0%,4.2%,,,12.4%,17.6%,,86.6,,81.1,93.8,88.1,85.2,,,94.2,85.3,,-0.4,,2.8,-0.8,-1.2,0.8,,,-6.6,1.9,,2.3,,-6.5,8.3,3.7,0.0,,,3.4,-0.8,,0.8,,-0.5,5.7,1.2,0.5,,,-3.3,4.6,,0.60,,-0.77,2.43,1.39,1.52,,,-3.51,3.39,,28.4%,63.7%,46.3%,61.7%,83.4%,76.8%,50.7%,18.0,0.0,112,101,91,108,134,168,100,58,104,116,154,104,96,99,87,90,122,89.6,13.0,11,8.4%,114.0,60,45.8%,131,16.5%,27.3%,,,,1.7
CIN,28,78,161,180,42,24,6,2,10,25,24,16,1,45,2,0,1,2,1,2,.261,45,44,24,8,714,254,460,2,4,2,8.9%,25.0%,0.36,.335,.509,.845,.248,.302,1.02,21.2%,39.8%,38.9%,18.2%,22.7%,4.4%,50.0%,.360,5.8,28,4.1,-0.5,5.6,-0.5,8.6,0.9,$6.9,4.3,121,0.24,-3.27,3.51,1.04,0.10,0.97,0.92,2,0.21,0.04,44.4%,92.9,18.6%,83.1,12.2%,89.6,18.4%,77.6,5.8%,87.4,0.6%,91.5,,,1.0%,,4.7,2.8,-0.9,-2.5,0.5,0.4,,1.49,2.09,-0.98,-1.93,1.21,10.66,,29.4%,68.8%,47.1%,65.2%,80.9%,75.5%,45.0%,57.8%,11.6%,-0.7,29.1%,,11.8%,1.0%,,14.6%,19.0%,9.0%,9.6%,,5.9%,,,,92.9,,89.6,90.0,,93.3,83.2,75.6,79.6,,87.0,,,-2.4,,1.4,-7.2,,-2.7,3.1,-3.0,2.9,,-2.5,,,10.0,,4.0,4.3,,7.5,1.0,-6.7,-0.5,,4.4,,,4.5,,-1.1,0.4,,-0.3,2.7,-2.1,0.6,,0.4,,,2.15,,-1.26,5.10,,-0.31,1.97,-3.33,0.84,,0.94,,,24.4%,66.7%,47.2%,55.0%,81.6%,75.3%,53.9%,17.3,-1.0,-1.0,0.1,23 - 34,3.4,0.7,0.2,52.1%,27.4%,20.5%,17.1%,57.3%,25.6%,39.4%,5.5%,,13.6%,29.1%,11.5%,1.0%,,,15.4%,23.9%,,87.6,,76.2,93.3,89.8,90.1,,,93.0,83.1,,-3.6,,-0.7,-1.7,2.1,-6.6,,,-2.4,3.3,,3.3,,-6.7,8.9,2.7,2.8,,,6.2,-0.5,,1.9,,-1.8,2.4,-1.8,0.4,,,0.8,2.9,,4.89,,-1.82,1.17,-2.17,5.10,,,0.70,1.69,,24.9%,66.3%,47.2%,56.1%,81.5%,75.3%,53.8%,17.3,-0.1,103,100,110,104,122,151,100,101,90,111,161,123,85,81,97,111,84,87.2,15.5,9,7.7%,111.7,35,29.9%,117,17.4%,29.0%,,,,1.0
BOS,30,83,181,204,50,30,10,2,8,34,32,17,1,39,4,1,1,2,1,0,.276,58,56,29,6,777,278,499,9,1,0,8.3%,19.1%,0.44,.350,.486,.836,.210,.311,1.04,20.3%,40.6%,39.2%,10.7%,14.3%,15.5%,0.0%,.359,6.1,31,5.1,-2.0,6.3,-0.6,10.5,1.0,$8.4,5.4,121,0.63,-4.34,4.98,10.89,1.08,1.25,1.77,7,0.83,-0.32,45.5%,94.5,22.4%,85.2,5.9%,89.5,13.8%,80.0,10.2%,85.2,2.2%,87.9,,,0.6%,,4.5,1.9,2.2,-0.7,1.6,0.6,,1.28,1.08,4.88,-0.66,1.99,3.67,,32.1%,66.0%,46.5%,68.5%,87.6%,80.0%,42.5%,64.2%,9.3%,1.4,36.1%,,6.5%,2.2%,,9.4%,21.9%,11.9%,1.5%,,10.5%,,,,94.8,,89.4,87.9,,93.4,85.3,78.6,84.9,,85.1,,,-1.7,,-0.3,-5.2,,-2.1,1.8,1.5,0.1,,-4.0,,,10.0,,5.5,4.5,,6.4,1.2,-4.0,-6.0,,5.4,,,6.6,,2.2,0.6,,-2.5,0.8,0.1,-0.1,,1.7,,,2.35,,4.39,3.48,,-3.47,0.48,0.10,-0.82,,2.14,,,28.8%,62.4%,46.5%,65.1%,86.2%,80.0%,52.5%,19.9,-2.6,-0.2,0.9,23 - 38,6.5,0.3,0.7,47.2%,31.3%,21.5%,18.8%,55.6%,25.7%,31.4%,10.1%,,11.1%,33.8%,6.3%,2.2%,,,11.9%,24.6%,,85.7,,80.6,95.3,90.2,88.8,,,94.8,84.9,,-3.1,,4.9,-0.9,0.9,-4.4,,,-1.9,1.4,,3.5,,-6.6,8.5,3.9,2.3,,,5.7,-0.5,,1.4,,-0.5,6.3,2.2,0.6,,,-2.2,1.7,,1.77,,-0.57,2.39,4.40,3.48,,,-2.37,0.87,,27.7%,62.4%,46.5%,63.6%,86.2%,80.0%,53.9%,19.9,0.0,112,94,87,109,119,130,106,110,94,102,116,117,90,87,112,109,79,88.7,12.5,11,7.6%,109.9,56,38.9%,144,17.8%,27.0%,,,,0.9
ATL,30,70,175,194,49,33,7,0,9,27,24,19,0,42,0,0,0,9,3,1,.280,68,41,24,1,772,285,487,6,0,0,9.8%,21.6%,0.45,.351,.474,.825,.194,.323,1.66,18.0%,51.1%,30.8%,2.4%,22.0%,8.8%,0.0%,.358,5.8,29,5.1,-0.8,6.0,-0.5,9.5,0.9,$7.6,3.4,121,0.73,-1.95,2.67,5.33,0.57,0.61,0.37,1,0.61,0.57,52.9%,94.0,22.3%,83.9,6.7%,88.8,9.3%,80.4,6.1%,84.7,2.6%,89.1,,,0.1%,,0.5,2.2,0.0,0.2,1.5,-0.8,,0.13,1.26,0.06,0.30,3.26,-3.81,,30.8%,68.2%,46.8%,64.7%,79.1%,73.7%,42.8%,55.2%,12.3%,-1.0,24.0%,,7.7%,1.0%,,27.2%,21.1%,9.9%,,,9.1%,,,,94.4,,88.8,89.3,,93.8,83.8,80.5,,,86.1,,,-0.1,,-0.5,-7.2,,-1.1,2.2,-1.5,,,1.6,,,9.2,,5.1,1.4,,6.2,0.8,-4.8,,,1.8,,,-1.2,,-0.2,-1.1,,1.9,0.3,1.2,,,1.5,,,-0.66,,-0.28,-13.81,,0.90,0.21,1.63,,,2.15,,,28.8%,64.3%,46.8%,57.8%,80.6%,73.7%,50.8%,18.2,-1.3,-0.2,0.8,22 - 39,4.1,0.7,-1.6,41.4%,33.1%,25.6%,21.8%,40.6%,37.6%,36.1%,6.2%,,10.5%,26.0%,7.7%,4.1%,,,24.5%,21.0%,,85.2,,80.9,95.5,89.4,89.4,,,94.0,84.9,,5.0,,-1.4,-0.9,0.3,-5.3,,,-2.1,3.1,,0.8,,-6.2,8.3,4.3,-0.4,,,4.7,-0.3,,1.8,,1.5,0.4,0.0,-1.0,,,-1.4,0.3,,4.02,,1.95,0.21,0.03,-3.51,,,-0.83,0.17,,28.2%,64.6%,47.0%,55.7%,81.0%,73.7%,51.6%,18.2,0.1,111,111,95,108,114,118,107,86,116,88,156,98,102,101,124,78,123,89.9,4.5,16,12.0%,113.3,58,43.6%,133,16.1%,28.4%,,,,1.0
MIL,28,69,167,195,46,34,4,1,7,31,31,25,0,44,0,3,0,4,4,0,.275,52,46,28,6,774,308,466,5,0,0,12.8%,22.6%,0.57,.364,.437,.801,.162,.328,1.13,22.2%,41.3%,36.5%,13.0%,15.2%,9.6%,0.0%,.351,4.7,28,4.4,3.6,6.0,-0.6,14.4,1.4,$11.5,5.9,119,0.63,-2.57,3.20,10.11,1.05,0.81,1.99,4,0.63,0.13,43.2%,91.9,20.6%,84.4,11.7%,89.8,8.7%,79.0,13.2%,85.5,2.1%,84.9,0.5%,68.5,0.9%,,5.6,-5.0,-0.2,3.6,0.0,0.0,-0.3,1.71,-3.14,-0.24,5.40,0.05,-0.29,-7.37,31.0%,70.0%,45.6%,58.4%,85.1%,73.7%,37.4%,58.5%,11.9%,0.2,29.6%,,14.0%,3.0%,,14.3%,16.1%,10.9%,,,12.0%,,,,91.6,,89.5,84.8,,91.5,83.6,80.1,,,85.5,,,-4.3,,0.6,-5.9,,-5.9,-1.3,6.1,,,-6.8,,,9.0,,5.9,2.6,,4.9,0.8,-3.6,,,3.2,,,5.6,,-0.1,-0.1,,1.1,-3.7,1.3,,,0.0,,,2.46,,-0.07,-0.62,,1.01,-3.00,1.49,,,0.03,,,26.9%,67.2%,45.8%,52.7%,83.5%,73.9%,46.8%,18.6,3.0,0.3,-0.6,23 - 37,4.6,0.7,0.5,44.4%,34.9%,20.6%,17.5%,46.0%,36.5%,39.0%,13.1%,,7.2%,29.9%,12.9%,1.8%,,,13.9%,21.2%,,86.0,,78.5,92.2,90.1,84.8,,,92.0,84.6,,-6.5,,6.3,-3.9,0.9,-3.8,,,-5.8,0.9,,1.4,,-7.6,7.8,4.8,1.5,,,3.4,-0.6,,-0.1,,1.7,4.6,0.4,0.0,,,1.7,-4.2,,-0.11,,3.18,2.00,0.37,-0.05,,,1.57,-2.59,,27.7%,65.9%,45.8%,50.9%,84.6%,73.9%,47.3%,18.6,0.1,109,145,99,112,105,98,109,106,94,105,108,105,108,82,99,89,119,88.3,13.3,7,5.6%,112.3,54,42.9%,126,14.6%,26.5%,,,,1.4
SFG,30,59,138,158,33,20,4,0,9,19,19,16,0,50,4,0,0,3,4,0,.239,39,29,17,1,658,250,408,2,3,3,10.1%,31.6%,0.32,.335,.464,.799,.225,.304,1.34,20.0%,45.9%,34.1%,3.4%,31.0%,5.1%,100.0%,.348,3.5,23,3.6,2.0,4.9,-0.5,11.2,1.1,$9.0,4.2,119,0.08,-2.00,2.09,2.05,0.21,0.72,0.50,4,0.64,-0.53,52.0%,94.3,14.9%,85.7,7.6%,92.3,7.3%,82.0,18.1%,87.8,,,,,0.3%,,0.8,1.6,1.2,2.0,-3.4,,,0.24,1.68,2.31,4.19,-2.88,,,33.5%,72.1%,48.0%,55.5%,80.9%,69.8%,37.7%,58.2%,14.4%,0.6,37.2%,,7.6%,,,14.8%,16.3%,3.5%,2.4%,,18.1%,,,,93.5,,92.3,,,96.4,85.4,80.9,83.1,,87.8,,,-5.7,,1.1,,,-6.4,3.4,2.8,8.0,,-6.8,,,9.7,,4.7,,,5.8,1.3,-3.9,-5.7,,4.4,,,2.3,,1.1,,,-1.6,2.1,1.8,-0.3,,-3.4,,,0.96,,2.25,,,-1.65,1.96,7.84,-1.70,,-2.88,,,30.2%,68.2%,47.9%,50.0%,79.8%,69.7%,46.5%,18.4,1.5,0.5,0.3,24 - 36,4.2,0.6,-0.2,53.4%,33.0%,13.6%,14.8%,53.4%,31.8%,47.5%,18.3%,,4.4%,35.7%,7.9%,,,,16.3%,17.4%,,88.0,,82.5,93.7,91.9,,,,96.3,85.0,,-6.2,,6.6,-5.9,1.6,,,,-3.8,4.5,,3.1,,-7.3,8.9,3.6,,,,4.6,-0.4,,-3.5,,1.3,2.9,1.0,,,,-1.9,2.3,,-2.92,,4.50,1.22,1.90,,,,-1.79,2.00,,29.5%,69.1%,47.9%,48.1%,80.5%,69.7%,46.3%,18.4,0.2,95,114,139,104,111,136,101,95,104,98,220,126,102,54,84,103,104,89.9,12.1,10,11.4%,111.7,35,39.8%,88,13.8%,28.3%,,,,0.9
CHW,29,74,183,199,50,29,15,0,6,19,19,11,0,44,4,0,0,2,5,0,.273,73,40,26,3,727,251,476,7,0,0,5.5%,22.1%,0.25,.328,.454,.782,.180,.331,1.83,18.7%,52.5%,28.8%,7.5%,15.0%,9.6%,0.0%,.340,2.9,27,3.1,0.5,6.2,-0.5,10.1,1.0,$8.1,4.2,114,-0.27,-4.13,3.86,-2.24,-0.24,1.13,0.61,3,0.40,-0.64,44.7%,93.8,23.9%,84.0,7.6%,85.7,11.0%,78.9,9.5%,87.1,3.3%,85.8,,,,,4.8,0.2,-1.1,-3.0,2.7,0.4,,1.48,0.10,-1.94,-3.72,3.90,1.56,,40.2%,69.9%,51.6%,55.6%,86.2%,71.5%,38.4%,60.8%,14.7%,0.7,29.8%,,7.0%,3.4%,,15.5%,23.9%,9.9%,1.0%,,9.4%,,,,93.6,,85.5,85.7,,93.9,83.9,78.7,78.5,,87.0,,,-5.0,,0.7,-6.3,,0.5,4.7,2.4,5.1,,-3.3,,,9.7,,4.3,1.7,,5.3,2.5,-6.9,-5.8,,3.4,,,6.8,,-1.8,0.2,,-1.3,-0.5,-1.6,-0.8,,2.7,,,3.12,,-3.49,0.66,,-1.18,-0.27,-2.21,-11.71,,3.96,,,35.8%,69.5%,51.7%,48.9%,84.5%,71.5%,47.3%,18.9,0.0,0.7,-0.8,23 - 36,3.7,0.3,0.8,46.0%,28.1%,25.9%,18.0%,54.0%,28.1%,30.7%,9.5%,,10.0%,28.9%,6.3%,3.3%,,,16.4%,25.6%,,87.2,,78.1,93.9,85.9,85.7,,,93.4,84.0,,-3.1,,2.4,-3.7,1.4,-6.3,,,-1.9,5.1,,2.0,,-8.9,8.8,3.2,-0.2,,,4.0,0.8,,2.7,,-2.1,8.4,-1.5,0.4,,,-3.4,-1.3,,3.90,,-2.93,4.01,-3.16,1.59,,,-2.88,-0.69,,36.6%,68.4%,51.7%,50.7%,83.9%,71.5%,47.5%,18.9,0.3,110,62,101,102,111,112,113,101,121,75,122,114,80,105,108,106,86,87.4,4.3,13,9.3%,113.4,50,35.7%,140,13.8%,28.5%,,,,1.2
NYY,29,71,161,184,38,24,3,1,10,25,23,21,0,47,1,1,0,1,6,1,.236,54,42,19,4,747,284,463,3,0,0,11.4%,25.5%,0.45,.326,.453,.780,.217,.267,1.29,16.5%,47.0%,36.5%,9.5%,23.8%,5.6%,0.0%,.338,2.5,25,2.9,0.9,5.7,-0.5,10.6,1.1,$8.5,5.7,114,0.25,-2.46,2.71,5.35,0.57,0.71,0.85,1,0.82,-0.46,45.2%,93.9,29.3%,85.1,2.8%,88.1,6.5%,82.5,12.6%,87.0,3.6%,89.9,,,0.4%,,3.8,0.5,1.4,-1.6,-2.1,1.9,,1.14,0.22,6.62,-3.33,-2.18,6.92,,29.3%,61.4%,42.3%,58.9%,81.7%,72.4%,40.7%,64.7%,11.6%,1.3,19.4%,,4.0%,8.2%,,24.6%,29.6%,1.1%,4.7%,,8.5%,,,,93.8,,90.6,89.2,,94.1,84.8,80.7,83.0,,85.8,,,-2.1,,0.3,-9.0,,-6.5,1.6,-2.3,2.7,,-5.2,,,9.3,,6.3,3.3,,3.8,2.2,1.1,-3.9,,0.2,,,4.0,,1.0,2.2,,-1.7,-0.1,-0.4,-0.2,,-2.1,,,2.81,,3.44,3.58,,-0.94,-0.03,-4.55,-0.43,,-3.41,,,26.6%,58.0%,42.6%,52.6%,80.0%,71.6%,50.9%,18.3,0.4,0.4,0.3,22 - 37,4.3,0.3,0.6,38.3%,36.5%,25.2%,21.7%,43.5%,34.8%,42.4%,10.1%,,2.0%,19.1%,5.9%,6.5%,,,25.1%,31.3%,,85.8,,77.8,94.1,89.6,90.0,,,93.8,84.6,,-5.5,,5.6,-1.5,0.6,-8.1,,,-5.7,2.3,,-0.2,,-8.3,9.0,4.8,0.9,,,2.2,0.2,,-2.1,,-0.1,3.9,0.1,2.1,,,-1.6,0.5,,-2.74,,-0.55,2.72,0.31,4.32,,,-0.84,0.20,,27.3%,58.3%,42.6%,52.4%,80.8%,71.6%,49.3%,18.3,0.0,95,128,116,101,111,135,91,89,109,95,193,95,105,102,130,86,107,89.6,11.1,15,13.0%,117.8,52,45.2%,115,19.8%,31.5%,,,,1.0
TOR,30,73,180,207,53,41,10,0,2,24,20,22,0,40,2,3,0,3,4,1,.294,66,44,32,4,850,312,538,5,1,1,10.6%,19.3%,0.55,.372,.383,.755,.089,.362,1.50,22.5%,46.5%,31.0%,9.1%,4.5%,7.6%,100.0%,.337,2.6,28,3.1,-2.9,6.4,-0.9,8.0,0.8,$6.4,3.7,113,1.03,-3.02,4.05,2.69,0.30,0.99,1.48,1,0.43,0.61,52.7%,94.6,20.7%,84.0,5.1%,87.6,13.0%,79.6,7.7%,84.1,0.9%,89.9,,,0.1%,,4.3,-1.7,0.4,-2.1,1.2,-0.1,,0.95,-0.94,0.94,-1.88,1.91,-1.20,,30.3%,70.3%,47.7%,66.2%,84.2%,77.8%,43.6%,60.9%,10.6%,2.0,30.0%,,3.8%,0.4%,,22.5%,22.5%,11.9%,1.5%,,7.4%,,,,94.5,,87.0,90.4,,94.7,85.1,78.8,77.1,,83.9,,,-0.1,,1.7,-2.3,,-2.2,2.7,-0.2,5.5,,4.4,,,8.9,,3.8,3.3,,5.6,0.7,-5.5,-4.6,,5.2,,,4.6,,0.1,0.1,,-0.4,-2.8,-0.6,-0.6,,1.4,,,1.80,,0.34,4.53,,-0.21,-1.46,-0.55,-4.25,,2.18,,,24.9%,69.0%,47.7%,62.7%,82.5%,77.5%,51.7%,18.9,-3.8,-0.1,1.5,24 - 35,5.1,0.3,0.6,32.9%,39.2%,28.0%,19.6%,48.3%,32.2%,30.9%,7.4%,,11.3%,32.0%,2.9%,0.6%,,,20.5%,25.2%,,83.8,,78.7,94.3,86.5,89.4,,,95.2,84.6,,4.1,,1.1,0.1,0.6,-3.0,,,-2.9,2.4,,3.8,,-8.2,7.9,3.8,1.9,,,4.3,-0.6,,1.5,,-1.5,5.0,0.0,0.1,,,-0.8,-2.4,,2.37,,-1.53,1.85,-0.03,1.01,,,-0.47,-1.11,,25.0%,68.5%,47.6%,62.7%,82.8%,77.7%,51.9%,18.9,0.1,119,119,88,115,94,55,124,122,107,81,37,81,112,113,117,95,99,89.0,7.7,12,8.4%,115.5,59,41.3%,143,15.4%,26.0%,,,,1.1
TEX,30,69,163,182,43,30,5,0,8,31,29,14,0,41,2,3,0,3,1,1,.264,55,48,22,2,728,278,450,4,0,0,7.7%,22.5%,0.34,.324,.442,.766,.178,.299,1.15,17.6%,44.0%,38.4%,4.2%,16.7%,7.3%,0.0%,.331,1.4,23,1.7,1.4,5.6,-0.5,7.7,0.8,$6.2,3.4,108,0.37,-2.09,2.46,11.01,1.17,0.70,0.03,2,0.26,0.27,46.7%,92.6,22.5%,85.7,9.2%,88.5,11.3%,78.8,9.9%,85.7,0.4%,89.3,,,0.3%,,8.2,-1.9,-2.0,0.6,-1.7,-0.4,,2.43,-1.15,-3.05,0.72,-2.41,-13.27,,29.1%,68.9%,44.5%,56.9%,86.0%,74.3%,38.6%,57.1%,11.4%,-0.7,35.6%,,6.5%,0.4%,,10.7%,25.6%,7.7%,3.4%,,10.0%,,,,91.8,,89.4,89.3,,95.0,85.7,78.5,79.9,,85.6,,,-3.4,,1.0,-3.4,,-1.2,0.2,-0.3,7.2,,-8.7,,,9.4,,5.7,4.3,,6.1,1.3,-4.7,-6.0,,4.3,,,4.1,,-1.7,-0.4,,3.0,-2.2,-0.5,1.5,,-1.8,,,1.58,,-3.68,-13.08,,3.78,-1.17,-0.90,6.17,,-2.41,,,27.2%,62.4%,44.6%,50.0%,85.3%,74.4%,49.4%,19.4,0.8,-0.6,-0.7,24 - 38,1.0,0.3,0.6,36.0%,40.8%,23.2%,14.4%,48.0%,37.6%,34.6%,10.0%,,11.1%,33.0%,6.2%,0.4%,,,11.8%,27.4%,,85.7,,78.9,91.6,91.3,89.5,,,95.4,86.1,,-8.3,,1.6,-3.2,0.8,-3.5,,,-1.4,0.7,,2.9,,-7.1,8.4,5.2,2.6,,,5.2,0.7,,-1.8,,-0.2,4.6,-0.1,-0.4,,,2.6,-2.7,,-2.41,,-0.20,1.92,-0.30,-13.08,,,3.06,-1.38,,27.2%,62.0%,44.6%,49.5%,85.3%,74.4%,49.9%,19.4,0.3,107,86,102,101,108,110,102,95,102,100,135,89,117,94,86,94,116,89.4,11.1,9,7.2%,112.3,50,40.0%,125,17.3%,28.7%,,,,0.7
PHI,29,75,180,189,51,31,13,4,3,16,14,9,1,47,0,0,0,4,3,0,.283,56,48,29,9,730,250,480,4,0,0,4.8%,24.9%,0.19,.317,.450,.767,.167,.369,1.17,21.8%,42.1%,36.1%,18.8%,6.3%,7.1%,0.0%,.329,1.1,24,0.6,-0.8,5.9,-0.5,3.1,0.3,$2.5,6.1,103,-0.46,-2.79,2.34,-5.27,-0.56,0.75,0.35,4,-0.11,-0.50,52.9%,94.6,15.2%,87.1,9.9%,88.9,7.2%,81.3,12.3%,86.3,2.5%,87.2,,,2.2%,,1.6,2.6,-1.8,-0.9,-1.5,0.5,,0.42,2.35,-2.56,-1.82,-1.65,2.53,,35.2%,69.0%,49.2%,63.3%,80.2%,73.1%,41.3%,59.3%,13.2%,-2.7,36.2%,,9.6%,1.9%,,17.1%,16.4%,6.3%,,,12.4%,,,,94.9,,89.0,88.4,,94.0,86.4,81.3,,,86.3,,,-1.0,,0.1,-7.6,,-2.2,1.6,2.3,,,-2.6,,,9.8,,6.1,1.1,,5.6,1.8,-1.9,,,5.2,,,2.1,,-1.0,0.9,,-0.9,2.0,-1.7,,,-1.6,,,0.80,,-1.41,6.17,,-0.75,1.69,-3.73,,,-1.78,,,32.1%,65.8%,49.2%,55.7%,81.4%,73.1%,50.7%,18.1,-1.4,0.3,-2.3,24 - 35,-2.1,0.7,-0.7,36.8%,26.3%,36.8%,19.5%,50.4%,30.1%,31.2%,12.1%,,6.2%,35.5%,9.9%,1.9%,,,18.0%,16.3%,,86.2,,81.1,95.0,88.9,88.6,,,93.9,86.4,,-2.6,,3.0,-0.7,0.2,-7.2,,,-2.0,2.2,,3.7,,-3.4,8.9,5.0,-0.2,,,4.4,0.4,,-1.5,,-1.6,2.3,-1.4,0.8,,,-1.3,2.3,,-1.70,,-3.57,0.89,-1.97,5.99,,,-0.96,1.97,,32.8%,65.6%,49.2%,56.3%,81.5%,73.1%,50.0%,18.1,-0.1,112,54,109,98,108,101,123,104,95,103,44,87,81,146,111,97,98,87.0,14.6,7,5.3%,111.6,49,36.8%,133,16.6%,29.7%,,,,0.5
CHC,30,73,176,199,48,34,10,0,4,28,26,18,0,38,2,2,0,4,3,1,.273,68,37,34,0,744,265,479,5,1,0,9.0%,19.1%,0.47,.343,.398,.741,.125,.324,1.84,24.5%,48.9%,26.6%,0.0%,10.8%,7.4%,0.0%,.327,0.8,25,0.7,-0.7,6.2,-0.6,7.0,0.7,$5.6,3.9,103,0.11,-3.62,3.73,5.41,0.49,1.05,3.12,5,0.33,-0.23,41.4%,93.5,20.2%,84.1,12.6%,90.9,6.9%,79.4,16.9%,86.3,2.0%,81.5,,,,,-0.7,0.9,-1.9,4.5,-0.5,-0.6,,-0.23,0.62,-2.04,8.75,-0.43,-3.78,,30.7%,65.1%,45.6%,66.9%,82.3%,76.4%,43.1%,63.8%,10.8%,0.7,29.8%,,12.8%,2.0%,,11.7%,21.0%,5.9%,,,16.8%,,,,93.3,,90.9,81.4,,93.8,83.9,78.8,,,86.2,,,-2.8,,0.9,-2.8,,-6.5,3.5,0.9,,,-6.8,,,9.2,,6.5,1.3,,5.0,0.5,-3.5,,,2.8,,,-1.7,,-1.7,-0.6,,1.0,3.4,1.2,,,-0.5,,,-0.77,,-1.79,-3.75,,1.13,2.21,2.79,,,-0.36,,,28.9%,61.1%,45.7%,64.1%,81.9%,76.5%,52.2%,18.8,-1.3,-0.2,0.8,25 - 35,1.4,0.8,0.1,35.0%,41.4%,23.6%,14.3%,55.0%,30.7%,30.2%,15.5%,,5.4%,28.6%,9.3%,3.2%,,,13.0%,25.0%,,86.3,,79.1,93.7,93.4,84.9,,,94.3,84.5,,-6.5,,1.3,-2.2,1.4,-4.2,,,-6.4,3.3,,1.3,,-5.6,8.3,5.5,0.9,,,4.0,-0.1,,-1.6,,1.5,-1.8,-1.4,0.8,,,0.4,3.1,,-1.38,,3.64,-0.86,-2.09,3.28,,,0.41,1.66,,28.1%,61.5%,45.7%,62.6%,82.2%,76.5%,52.7%,18.8,0.1,108,102,84,106,95,76,107,117,111,76,77,83,128,93,81,106,100,88.7,8.0,4,2.8%,109.6,53,37.6%,141,18.7%,29.4%,,,,0.8
LAA,29,67,174,200,45,32,7,0,6,29,29,21,1,40,2,3,0,4,1,0,.259,64,52,21,4,793,307,486,5,0,0,10.5%,20.0%,0.53,.340,.402,.742,.144,.298,1.23,15.3%,46.7%,38.0%,7.7%,11.5%,7.8%,0.0%,.325,0.6,25,0.5,0.2,6.2,-0.8,6.7,0.7,$5.4,3.3,103,0.43,-2.52,2.94,9.74,1.11,0.76,0.02,2,0.50,0.06,51.1%,93.5,27.9%,83.6,3.4%,88.2,6.1%,79.2,9.5%,86.0,2.0%,92.6,,,0.8%,,1.6,-1.9,0.8,0.0,0.6,-0.9,,0.40,-0.87,2.97,-0.10,0.81,-5.74,,30.0%,71.7%,46.9%,61.0%,85.7%,76.3%,40.6%,56.5%,11.1%,0.3,41.6%,,2.7%,2.0%,,9.4%,27.4%,7.1%,0.3%,,9.6%,,,,93.4,,88.2,92.4,,94.0,83.5,80.3,87.8,,86.0,,,-2.6,,-0.5,-7.2,,-8.4,1.6,1.7,9.1,,-6.4,,,8.8,,6.3,1.6,,3.8,1.0,-5.9,-1.1,,1.7,,,2.6,,0.6,-0.9,,-1.2,-0.9,-0.7,-0.2,,0.6,,,0.79,,2.86,-5.74,,-1.57,-0.41,-1.26,-10.75,,0.78,,,25.8%,67.2%,46.9%,58.0%,82.3%,75.7%,50.9%,18.3,-0.5,-0.2,0.4,23 - 35,0.7,0.3,0.1,41.6%,38.0%,20.4%,15.3%,51.1%,33.6%,33.5%,9.5%,,5.3%,41.8%,2.9%,2.0%,,,9.2%,29.2%,,86.4,,80.3,93.9,88.8,92.9,,,94.4,83.9,,-5.9,,-1.4,-2.3,-0.1,-6.6,,,-8.0,2.9,,0.3,,-6.1,7.8,4.2,0.3,,,2.5,-0.9,,0.6,,0.2,3.1,1.3,-0.9,,,-1.6,-2.7,,0.80,,0.50,0.93,5.46,-5.74,,,-2.20,-1.16,,25.7%,66.6%,46.9%,57.1%,82.4%,75.7%,51.8%,18.3,-0.3,105,118,91,106,98,89,102,83,108,99,94,103,109,83,92,101,103,90.0,12.5,5,3.6%,111.9,67,48.9%,137,14.4%,25.5%,,,,0.6
SDP,30,84,188,214,44,22,13,0,9,25,24,20,0,36,0,3,1,4,1,1,.234,56,65,33,10,809,302,507,4,2,0,9.3%,16.8%,0.56,.303,.447,.750,.213,.240,0.86,21.4%,36.4%,42.2%,15.4%,13.8%,7.1%,0.0%,.322,0.0,26,0.8,0.4,6.6,-0.8,8.6,0.9,$6.9,2.3,103,0.84,-2.87,3.72,2.11,0.23,0.78,1.13,5,0.32,0.76,49.4%,93.0,24.8%,85.0,3.3%,89.2,10.5%,81.7,11.8%,83.7,0.1%,87.0,,,0.4%,,4.3,-4.6,-1.4,1.6,0.0,1.4,,1.09,-2.29,-5.13,1.91,-0.01,142.96,,29.1%,60.7%,42.8%,60.2%,87.7%,77.1%,43.3%,57.9%,9.8%,0.7,30.5%,,5.1%,0.1%,,18.7%,22.7%,3.3%,7.2%,,12.3%,,,,93.1,,87.4,86.8,,92.8,84.9,81.2,82.4,,83.8,,,-2.2,,1.0,-7.4,,-2.8,1.4,5.6,-0.5,,-3.7,,,10.6,,3.8,4.4,,5.8,2.6,-3.7,-4.8,,5.7,,,3.9,,-2.7,1.4,,-0.7,-3.7,-0.2,2.1,,0.1,,,1.60,,-6.47,142.96,,-0.44,-2.04,-0.67,3.59,,0.14,,,25.5%,59.1%,43.1%,51.0%,87.6%,77.2%,52.2%,19.1,-0.3,-0.5,1.0,23 - 42,1.4,0.8,0.2,44.2%,32.7%,23.1%,21.2%,53.2%,25.6%,30.4%,11.9%,,10.3%,31.4%,2.0%,0.1%,,,17.9%,26.4%,,84.3,,82.4,93.5,91.1,87.4,,,93.5,85.5,,-3.2,,2.1,-0.9,0.6,-6.7,,,-4.0,1.8,,3.3,,-7.1,8.2,4.1,2.2,,,3.9,0.3,,0.1,,1.2,2.9,-1.0,1.4,,,-0.1,-4.9,,0.06,,1.43,1.16,-6.53,142.96,,,-0.04,-2.30,,25.7%,58.7%,43.1%,53.1%,86.7%,77.2%,52.6%,19.1,0.1,93,106,74,94,107,129,80,102,82,121,98,104,101,91,120,103,84,88.6,16.5,9,5.7%,111.1,58,36.7%,158,19.2%,28.9%,,,,0.7
CLE,27,91,215,244,55,38,10,2,5,32,27,23,2,46,1,4,1,2,8,1,.256,70,65,35,11,956,333,623,4,4,2,9.4%,18.9%,0.50,.325,.391,.716,.135,.298,1.08,20.6%,41.2%,38.2%,16.9%,7.7%,5.7%,50.0%,.311,-2.0,27,-1.7,-2.6,7.6,-0.8,5.3,0.5,$4.3,6.4,94,1.28,-4.29,5.57,6.77,0.77,1.12,6.22,1,0.48,0.67,51.9%,93.1,27.1%,83.9,5.0%,86.9,5.2%,80.5,9.4%,83.7,1.3%,86.5,,,1.0%,,-3.1,0.6,1.9,-0.6,1.4,0.5,,-0.63,0.23,3.86,-1.25,1.56,4.01,,36.1%,67.5%,49.2%,58.2%,88.1%,75.3%,41.6%,57.8%,12.1%,2.5,40.3%,,5.0%,1.5%,,11.1%,27.4%,2.1%,2.9%,,9.7%,,,,92.7,,86.9,87.5,,94.4,83.7,78.6,83.2,,84.0,,,-1.2,,2.7,-8.4,,-7.0,0.3,1.2,4.4,,-2.8,,,9.3,,5.0,2.5,,3.2,1.9,-6.1,-3.3,,3.2,,,-2.6,,1.9,-0.2,,-2.8,-1.4,-0.4,1.7,,2.2,,,-0.68,,3.86,-1.20,,-2.68,-0.54,-2.07,6.03,,2.32,,,35.4%,62.7%,49.2%,56.0%,85.7%,75.1%,50.3%,18.6,-3.4,0.7,1.0,23 - 32,0.8,0.3,0.8,32.8%,37.4%,29.9%,23.0%,49.4%,27.6%,30.3%,9.4%,,5.2%,40.1%,4.1%,1.3%,,,11.3%,28.5%,,84.6,,81.7,93.6,87.6,87.0,,,95.1,84.7,,-2.2,,2.5,-1.1,2.9,-7.4,,,-6.1,0.7,,1.6,,-5.9,8.3,3.7,0.8,,,2.0,0.8,,1.3,,-0.8,-2.2,2.1,-0.5,,,-2.3,0.7,,1.43,,-1.68,-0.58,5.50,-4.57,,,-2.13,0.26,,34.6%,63.0%,49.1%,56.2%,85.3%,75.2%,50.9%,18.6,-0.3,103,106,86,101,96,84,102,111,95,100,63,81,107,121,138,97,85,86.9,13.4,5,2.9%,111.5,54,31.0%,174,16.0%,28.1%,,,,0.5
MIN,29,73,171,189,41,29,4,2,6,22,22,16,0,34,1,1,0,5,0,0,.240,47,62,29,1,708,275,433,4,0,0,8.5%,18.0%,0.47,.307,.392,.699,.152,.265,0.76,21.0%,34.1%,44.9%,1.6%,9.7%,8.5%,0.0%,.307,-2.4,20,-1.8,1.8,5.9,-0.6,5.6,0.6,$4.5,3.2,92,-0.38,-2.91,2.54,0.00,0.02,0.88,1.68,5,-0.28,-0.14,47.0%,92.3,31.8%,83.6,4.7%,87.4,6.8%,76.7,9.8%,87.9,,,,,0.1%,,-1.2,-2.7,1.8,0.1,-1.4,,,-0.36,-1.21,5.32,0.30,-2.04,,,28.1%,72.8%,46.3%,66.1%,85.6%,78.6%,40.6%,54.0%,9.9%,0.1,26.7%,,2.3%,,,20.7%,30.3%,10.6%,,,9.5%,,,,91.9,,86.2,,,92.7,84.1,78.5,,,87.7,,,-1.8,,1.5,,,-8.8,3.8,3.6,,,-8.2,,,9.0,,4.1,,,5.8,1.7,-5.9,,,3.9,,,0.6,,1.5,,,-2.2,-1.7,-0.5,,,-1.4,,,0.32,,9.12,,,-1.51,-0.79,-0.72,,,-2.10,,,24.3%,69.1%,46.4%,59.8%,84.2%,77.7%,49.4%,17.8,1.2,-0.4,0.6,25 - 36,-1.7,0.3,-0.1,43.5%,31.2%,25.4%,12.3%,55.8%,31.9%,29.6%,9.3%,,9.3%,28.6%,5.5%,0.1%,,,15.7%,31.3%,0.1%,87.6,,78.6,91.2,90.8,89.2,,,94.1,83.5,40.3,-8.0,,4.7,-3.5,2.2,-4.8,,,-7.6,4.0,-3.0,2.5,,-8.3,8.3,4.1,3.5,,,3.5,0.3,5.5,-1.5,,-0.2,-0.7,0.8,0.1,,,-1.4,-0.8,0.0,-2.21,,-0.29,-0.37,2.08,5.00,,,-1.30,-0.38,3.58,24.7%,68.9%,46.4%,59.6%,84.5%,77.7%,49.1%,17.8,0.1,97,95,82,95,96,94,91,114,79,117,79,108,89,102,74,110,98,90.6,16.3,15,10.9%,112.3,58,42.0%,138,15.0%,24.9%,,,,0.6
COL,30,81,205,222,49,29,14,0,6,22,21,13,0,60,3,1,0,5,2,0,.239,67,57,21,6,853,290,563,5,1,1,5.9%,27.0%,0.22,.293,.395,.688,.156,.307,1.18,14.5%,46.2%,39.3%,10.5%,10.5%,7.5%,100.0%,.300,-4.0,23,-8.2,-2.2,6.9,-0.6,-4.1,-0.4,($3.3),3.3,70,0.00,-3.28,3.28,-2.61,-0.28,0.82,1.46,3,-0.47,0.47,52.8%,93.6,17.0%,84.3,4.7%,88.7,11.9%,78.8,12.6%,82.6,1.1%,86.7,,,0.1%,,3.2,0.1,0.0,-2.9,-4.1,-0.6,,0.72,0.05,-0.08,-2.89,-3.84,-6.48,,37.7%,69.5%,50.7%,55.8%,83.9%,71.5%,40.8%,66.2%,14.4%,-0.8,40.4%,,6.9%,1.1%,,12.4%,14.7%,12.0%,,,12.6%,,,,93.4,,87.9,86.6,,94.1,83.9,78.8,,,82.5,,,-1.5,,-1.1,-7.9,,-5.6,3.2,0.8,,,-4.3,,,10.3,,5.5,2.9,,7.4,2.8,-6.6,,,4.6,,,3.6,,-0.3,-0.6,,-0.4,0.6,-3.2,,,-4.1,,,1.06,,-0.57,-6.48,,-0.38,0.48,-3.18,,,-3.82,,,35.3%,66.6%,50.7%,52.3%,82.1%,71.5%,49.2%,18.3,-2.9,0.0,-1.0,21 - 36,-9.0,0.8,0.2,49.3%,25.3%,25.3%,23.3%,47.3%,29.5%,35.6%,12.6%,1.1%,10.8%,39.8%,6.9%,1.1%,,,12.4%,15.4%,,82.9,78.2,79.2,93.7,89.0,86.9,,,94.6,84.3,,-3.7,3.9,1.0,-1.1,-0.7,-7.5,,,-5.3,3.6,,2.2,-8.0,-9.1,8.7,4.3,1.2,,,5.5,0.7,,-4.1,-0.5,-2.6,3.6,0.1,-0.6,,,-0.4,0.0,,-3.82,-5.24,-2.78,1.07,0.14,-6.48,,,-0.40,0.01,,35.0%,66.7%,50.7%,51.7%,82.2%,71.5%,49.4%,18.3,0.3,95,66,119,90,95,95,102,69,105,113,75,116,78,100,132,91,96,85.6,11.8,11,7.5%,111.9,44,30.1%,146,15.1%,29.5%,,,,-0.2
HOU,29,84,204,238,48,41,3,0,4,26,24,26,1,51,7,0,0,5,6,1,.235,65,55,32,5,947,346,601,5,1,0,10.9%,21.4%,0.51,.342,.309,.651,.074,.295,1.18,21.1%,42.8%,36.2%,9.1%,7.3%,7.7%,0.0%,.300,-4.0,25,-3.5,1.6,7.4,-0.6,5.2,0.5,$4.2,4.2,88,-0.65,-6.04,5.39,-0.60,-0.06,1.38,2.39,2,-0.17,-0.30,48.9%,95.1,27.4%,84.4,3.6%,88.6,10.3%,81.9,9.2%,84.0,0.6%,83.0,,,0.6%,,-3.3,-5.2,0.0,0.8,3.7,-0.3,,-0.71,-2.02,-0.04,0.88,4.30,-4.81,,31.3%,71.1%,47.3%,58.2%,84.8%,74.3%,40.2%,63.0%,12.1%,0.1,39.0%,,3.8%,0.6%,,10.1%,27.4%,7.2%,3.0%,,8.9%,,,,95.0,,88.2,82.9,,95.2,84.3,82.0,82.3,,83.7,,,-2.9,,1.0,7.8,,-5.3,1.7,2.2,2.2,,-5.6,,,10.0,,2.8,1.5,,5.1,0.9,-3.5,-8.4,,5.3,,,-2.2,,0.1,-0.3,,-1.1,-6.2,1.5,-0.1,,3.6,,,-0.60,,0.35,-4.81,,-1.14,-2.39,2.14,-0.39,,4.26,,,27.9%,67.2%,47.5%,52.6%,83.5%,74.4%,49.7%,19.4,0.9,0.2,0.0,24 - 36,-3.4,0.3,-0.1,35.3%,33.3%,31.4%,15.7%,54.9%,29.4%,34.0%,9.2%,,8.9%,36.8%,3.6%,0.6%,,,12.1%,28.9%,,84.0,,81.9,94.8,88.6,82.9,,,95.9,84.3,,-5.8,,2.0,-2.5,1.5,7.0,,,-5.2,2.2,,3.8,,-7.4,9.0,1.6,-0.4,,,3.8,-0.8,,3.7,,0.2,-2.4,0.0,-0.3,,,-1.0,-5.4,,4.26,,0.25,-0.69,0.03,-4.81,,,-0.90,-1.98,,28.0%,67.5%,47.6%,52.2%,83.5%,74.2%,49.5%,19.4,0.0,95,123,97,106,76,46,101,114,99,95,59,87,96,127,94,108,91,89.1,13.1,7,4.5%,111.9,58,37.7%,154,15.9%,28.1%,,,,0.5
SEA,29,88,202,217,44,21,17,0,6,26,24,12,0,52,3,0,0,2,6,2,.218,58,66,25,4,862,306,556,6,1,0,5.5%,24.0%,0.23,.272,.391,.663,.173,.264,0.88,16.8%,38.9%,44.3%,6.1%,9.1%,10.3%,0.0%,.289,-6.0,20,-4.4,2.3,6.7,-0.8,5.3,0.5,$4.2,5.0,84,-0.64,-4.76,4.13,2.61,0.30,1.15,1.89,4,-0.24,-0.31,45.7%,93.6,26.2%,85.5,7.6%,86.3,7.9%,78.3,11.5%,83.5,1.0%,86.6,,,0.5%,,-0.6,0.8,-4.1,-0.2,0.8,-0.3,,-0.14,0.33,-6.38,-0.26,0.80,-2.89,,36.3%,65.2%,48.8%,68.9%,88.4%,80.2%,43.2%,64.1%,9.6%,1.2,34.4%,,15.9%,1.2%,,9.6%,19.2%,7.3%,0.9%,,11.5%,,,,93.6,,87.9,86.6,,92.4,85.1,77.7,81.5,,83.5,,,-1.6,,1.7,-7.0,,-7.9,0.8,0.2,4.1,,-2.5,,,9.8,,4.6,2.7,,7.6,2.5,-5.8,-6.2,,4.3,,,-2.0,,-4.8,-0.2,,2.6,0.3,-0.6,0.2,,0.8,,,-0.67,,-3.52,-2.24,,3.13,0.18,-1.03,2.11,,0.78,,,29.6%,66.4%,48.8%,61.2%,87.2%,79.7%,52.3%,18.8,1.5,0.1,0.9,22 - 35,-3.2,0.3,0.2,43.3%,32.7%,24.0%,17.3%,48.7%,34.0%,32.3%,10.4%,,8.0%,34.5%,14.8%,2.1%,,,9.4%,20.7%,,83.7,,79.0,94.3,88.7,87.3,,,92.9,85.6,,-2.3,,0.8,-1.5,0.8,-6.5,,,-8.1,1.5,,2.7,,-7.7,8.7,3.5,2.3,,,6.6,1.3,,0.3,,-0.1,-1.9,-5.7,0.3,,,2.4,0.9,,0.31,,-0.18,-0.64,-4.49,1.70,,,3.02,0.48,,29.9%,66.2%,48.8%,61.8%,87.2%,79.7%,52.1%,18.8,-0.4,88,62,109,84,96,107,90,91,90,116,74,107,94,97,104,96,105,87.8,15.7,11,7.3%,112.6,53,35.3%,150,15.9%,25.5%,,,,0.3
PIT,29,76,165,186,33,20,6,0,7,19,18,19,0,49,0,1,1,2,5,0,.200,47,51,17,8,771,288,483,1,3,1,10.2%,26.3%,0.39,.281,.364,.645,.164,.236,0.92,14.8%,40.9%,44.3%,15.7%,13.7%,2.1%,33.3%,.285,-5.9,17,-6.1,-0.4,5.8,-0.6,0.9,0.1,$0.7,4.5,73,-0.29,-3.42,3.13,-5.53,-0.52,1.02,0.78,5,-0.46,0.17,41.7%,95.0,25.7%,85.0,15.9%,91.5,7.3%,79.6,8.2%,84.2,1.3%,81.6,,,0.4%,,0.7,-2.7,-0.3,-0.3,-2.5,0.5,,0.22,-1.38,-0.28,-0.56,-4.01,4.65,,30.6%,66.3%,45.6%,57.4%,85.5%,74.6%,42.1%,68.8%,11.5%,1.6,35.9%,,16.4%,1.3%,,5.5%,19.9%,12.4%,,,8.6%,,,,94.9,,91.4,81.5,,93.5,86.4,79.3,,,84.3,,,-2.9,,1.6,-5.4,,-0.6,4.0,-2.1,,,-0.9,,,9.6,,4.2,2.5,,4.6,0.8,-3.2,,,1.8,,,0.0,,-0.7,0.5,,0.7,-2.2,-1.3,,,-2.2,,,0.01,,-0.59,4.65,,1.72,-1.46,-1.36,,,-3.40,,,27.8%,64.1%,45.6%,49.5%,85.9%,74.6%,49.0%,18.5,-1.0,0.7,0.8,23 - 43,-4.5,0.7,0.1,33.1%,32.2%,34.7%,19.5%,56.8%,23.7%,40.3%,6.8%,,5.3%,34.0%,18.4%,3.4%,,,6.5%,24.9%,0.5%,85.7,,79.4,95.5,91.3,81.2,,,93.6,84.7,99.3,-0.6,,4.7,-3.0,2.4,-3.4,,,2.7,1.4,0.0,0.2,,-10.0,8.6,2.5,0.3,,,3.5,-0.8,0.0,-2.0,,-0.2,0.4,-1.1,0.2,,,0.3,-2.9,0.0,-3.78,,-0.49,0.14,-0.77,0.66,,,0.54,-1.50,0.33,27.3%,64.6%,45.8%,50.5%,84.4%,74.2%,49.6%,18.5,0.0,79,115,116,87,87,99,79,70,93,127,97,78,100,137,110,110,78,89.1,14.7,11,9.3%,111.1,45,38.1%,118,17.0%,28.5%,,,,0.2
MIA,29,81,189,202,44,30,8,1,5,10,10,13,0,64,0,0,0,9,1,0,.233,65,36,23,3,814,309,505,2,1,1,6.4%,31.7%,0.20,.282,.365,.647,.132,.325,1.81,18.5%,52.4%,29.0%,8.3%,13.9%,3.1%,100.0%,.284,-6.3,18,-5.9,1.5,6.3,-0.6,-1.6,-0.2,($1.3),2.8,76,-1.15,-3.54,2.39,-14.08,-1.52,0.85,1.64,1,-0.72,-0.64,44.3%,93.8,29.8%,84.1,6.2%,89.7,5.0%,79.1,8.4%,85.5,6.3%,85.2,,,0.7%,,-0.6,-5.8,-2.3,0.1,0.6,-1.6,,-0.17,-2.42,-4.57,0.29,0.94,-3.11,,30.9%,63.5%,43.3%,54.8%,85.6%,72.0%,38.0%,60.9%,12.0%,-3.6,34.5%,,7.5%,5.6%,3.2%,9.0%,28.5%,4.2%,0.7%,,6.7%,,,,94.2,,89.3,85.7,84.6,92.8,83.9,78.0,84.9,,85.5,,,-5.1,,0.7,-8.9,-4.9,-3.1,1.5,5.6,3.6,,-1.0,,,10.2,,5.3,2.4,2.7,5.3,0.3,-5.4,-6.6,,3.9,,,-0.4,,-3.7,-1.1,-1.1,-0.6,-4.5,0.2,-0.1,,1.5,,,-0.14,,-6.02,-2.54,-4.15,-0.85,-1.94,0.55,-1.13,,2.74,,,28.9%,59.8%,43.3%,49.6%,84.4%,72.0%,46.5%,18.8,0.9,-0.1,-1.9,24 - 39,-9.5,0.8,-1.6,36.0%,37.6%,26.4%,11.2%,55.2%,33.6%,40.6%,6.7%,,4.2%,34.0%,7.7%,8.8%,,,9.7%,29.0%,,85.5,,78.0,94.2,89.2,85.3,,,92.9,83.9,,-0.8,,6.3,-4.4,1.7,-6.8,,,-2.7,2.4,,2.3,,-8.5,9.1,3.9,1.0,,,4.0,-1.1,,1.5,,-0.4,-0.2,-3.9,-2.2,,,-0.7,-3.8,,2.74,,-1.05,-0.09,-6.27,-3.13,,,-0.91,-1.62,,28.9%,59.4%,43.3%,51.2%,82.8%,71.7%,47.3%,18.8,0.1,92,73,139,87,87,80,108,88,119,83,99,85,116,104,63,107,110,89.9,8.9,8,6.4%,114.1,46,36.8%,125,18.4%,30.5%,,,,-0.4
OAK,29,76,165,185,36,23,9,0,4,18,17,17,1,45,1,1,0,6,2,0,.218,46,51,21,7,721,260,461,2,3,1,9.2%,24.3%,0.38,.293,.345,.639,.127,.274,0.90,17.8%,39.0%,43.2%,13.7%,7.8%,4.3%,33.3%,.282,-6.0,16,-4.6,0.5,5.7,-0.8,-1.0,-0.1,($0.8),3.5,80,0.84,-3.16,4.00,-1.61,-0.18,1.00,0.57,4,-0.07,0.91,42.3%,92.8,28.2%,84.3,9.2%,85.3,6.0%,78.7,11.3%,81.5,2.9%,88.1,,,0.8%,,-2.5,-4.3,-3.1,0.7,2.4,0.8,,-0.84,-2.15,-4.63,1.58,3.02,3.59,,29.5%,72.1%,48.9%,61.7%,83.4%,76.3%,45.5%,57.8%,11.7%,-2.2,36.4%,,8.5%,2.6%,,3.5%,30.5%,5.0%,1.5%,,11.9%,,,,92.7,,88.3,88.4,,90.9,84.5,77.2,81.7,,81.8,,,-3.3,,0.2,-4.8,,6.7,2.0,-1.4,5.7,,1.8,,,10.7,,5.8,2.6,,6.7,1.8,-3.7,-6.0,,6.6,,,-3.4,,-1.1,0.8,,-0.5,-6.0,0.4,0.7,,2.5,,,-1.30,,-1.87,4.24,,-2.02,-2.75,1.02,6.31,,2.91,,,25.9%,69.1%,49.1%,59.3%,81.2%,75.9%,53.7%,17.8,-0.2,0.1,-1.7,24 - 33,-6.8,0.3,-0.6,37.2%,33.1%,29.8%,15.7%,57.9%,26.4%,35.7%,11.3%,,6.1%,36.7%,10.3%,3.1%,,,3.5%,29.0%,,82.1,,79.2,93.4,88.6,88.6,,,91.5,84.9,,2.4,,1.6,-2.8,-0.5,-4.3,,,6.6,2.9,,5.0,,-6.2,9.3,3.5,1.4,,,5.3,0.5,,2.5,,0.7,-3.7,-0.6,0.8,,,-0.5,-6.2,,3.04,,1.57,-1.40,-0.81,3.52,,,-2.02,-2.99,,24.6%,69.4%,49.1%,57.5%,81.3%,75.9%,54.7%,17.8,-0.3,88,103,111,91,85,79,94,96,90,113,64,92,95,120,94,114,81,88.2,18.1,6,4.9%,110.5,39,32.0%,122,14.4%,26.1%,,,,-0.2
WSN,28,71,162,181,39,31,6,0,2,15,15,15,0,34,2,2,0,7,0,1,.241,59,45,26,2,668,225,443,2,0,0,8.3%,18.8%,0.44,.309,.315,.624,.074,.289,1.31,20.0%,45.4%,34.6%,4.4%,4.4%,3.4%,0.0%,.282,-6.0,16,-6.5,-2.0,5.6,-0.5,-3.5,-0.4,($2.8),1.5,71,-0.44,-2.91,2.47,-7.07,-0.72,0.89,2.63,2,-0.89,0.40,43.1%,93.9,26.7%,82.3,11.0%,88.0,8.3%,78.7,9.9%,83.8,1.1%,86.9,,,0.6%,,-0.3,-3.8,-1.7,-1.5,-0.4,-0.3,,-0.10,-2.14,-2.34,-2.69,-0.56,-4.12,,36.0%,69.8%,50.3%,63.0%,86.2%,76.6%,42.3%,66.9%,11.7%,-0.8,26.6%,,10.8%,1.1%,,17.3%,26.5%,8.0%,,,9.8%,,,,94.8,,87.8,86.7,,92.4,82.1,78.6,,,83.6,,,-0.4,,-1.0,-9.7,,-0.9,1.9,-2.5,,,3.9,,,10.0,,3.8,1.1,,4.3,-0.2,-3.9,,,3.8,,,-2.2,,-1.1,-0.3,,2.5,-4.3,-1.5,,,-0.4,,,-1.22,,-1.52,-4.12,,2.15,-2.43,-2.87,,,-0.61,,,33.0%,67.2%,50.4%,55.6%,86.3%,76.4%,50.8%,18.9,-2.6,-0.8,0.2,22 - 34,-7.3,0.7,-0.2,41.5%,30.0%,28.5%,19.2%,51.5%,29.2%,28.2%,9.6%,,2.7%,29.1%,7.9%,1.1%,,,15.1%,34.6%,,84.0,,80.9,95.3,88.3,87.3,,,92.6,82.7,,4.1,,1.8,-0.2,-0.8,-8.4,,,0.1,1.7,,2.4,,-10.4,8.7,4.2,-0.4,,,2.4,-1.6,,0.5,,-0.1,-1.7,-0.2,-0.3,,,1.6,-6.6,,0.77,,-0.42,-0.87,-0.38,-4.12,,,1.61,-2.89,,31.4%,67.8%,49.6%,56.3%,86.5%,77.0%,50.1%,18.9,-0.3,95,94,83,96,75,45,96,95,103,99,32,98,93,113,109,100,96,88.3,12.3,4,3.1%,111.3,49,37.7%,130,16.0%,27.7%,,,,-0.3
NYM,31,90,193,227,40,29,8,0,3,17,16,25,0,37,6,3,0,3,4,1,.207,72,48,38,6,870,339,531,3,1,1,11.0%,16.3%,0.68,.313,.295,.608,.088,.237,1.50,24.1%,45.6%,30.4%,12.5%,6.3%,4.2%,100.0%,.281,-7.7,20,-6.3,1.3,7.0,-0.9,2.3,0.2,$1.8,3.2,78,-0.42,-3.33,2.91,-8.51,-0.88,0.88,0.95,6,-0.53,0.05,47.8%,94.7,24.1%,85.1,3.3%,86.3,6.7%,80.8,18.0%,87.9,,,,,0.5%,,-1.3,-2.2,-2.2,-0.5,-0.9,,,-0.33,-1.07,-7.70,-0.85,-0.58,,,31.2%,69.5%,46.0%,65.1%,85.3%,76.9%,38.6%,55.9%,10.6%,0.3,31.8%,,6.8%,,,16.2%,20.1%,5.3%,2.1%,,17.8%,,,,94.7,,86.9,,,94.5,84.9,79.6,82.6,,87.8,,,-1.0,,-1.3,,,-2.1,-0.3,2.1,1.1,,-1.4,,,9.1,,4.6,,,5.1,1.6,-4.0,-4.5,,3.2,,,0.4,,-2.3,,,-2.6,-2.4,0.1,-0.2,,-0.6,,,0.13,,-3.85,,,-1.84,-1.40,0.16,-1.35,,-0.36,,,28.0%,65.6%,46.0%,58.3%,85.2%,76.6%,47.7%,18.4,0.4,-0.1,0.0,26 - 38,-6.0,0.9,0.4,44.0%,29.6%,26.4%,19.5%,57.2%,23.3%,28.6%,17.3%,,7.4%,30.8%,4.8%,0.2%,,,17.1%,22.2%,0.1%,87.9,,80.7,94.8,86.9,87.3,,,94.6,85.2,98.2,-1.2,,2.2,-0.9,-0.3,-7.1,,,-2.1,-0.6,0.0,1.5,,-5.8,8.0,3.5,4.8,,,3.7,0.2,0.0,-0.6,,-0.2,1.1,-2.0,0.1,,,-3.2,-2.7,-0.2,-0.37,,-0.27,0.43,-4.77,4.76,,,-2.13,-1.43,-16.91,28.3%,64.3%,45.9%,58.4%,85.3%,76.8%,48.9%,18.4,0.1,82,124,72,97,71,53,79,115,103,87,44,104,91,104,111,111,76,85.9,8.8,9,5.7%,109.1,50,31.4%,159,14.8%,25.4%,,,,0.2
ARI,28,86,192,209,43,29,10,0,4,19,17,9,0,42,4,3,1,9,9,1,.224,65,51,36,6,795,275,520,2,2,1,4.3%,20.1%,0.21,.269,.339,.608,.115,.262,1.27,23.7%,42.8%,33.6%,11.8%,7.8%,3.1%,50.0%,.267,-9.2,16,-9.8,1.5,6.5,-0.6,-3.7,-0.4,($3.0),5.2,62,0.46,-4.06,4.53,-6.00,-0.63,1.10,1.69,4,-0.70,1.12,49.7%,94.4,14.9%,83.8,8.2%,89.9,8.1%,77.7,16.9%,86.2,2.1%,87.6,,,0.4%,,-0.6,-2.0,-3.6,-1.9,-3.9,1.2,,-0.15,-1.72,-5.56,-3.00,-2.92,7.02,,34.0%,67.9%,48.4%,64.5%,84.2%,76.2%,42.4%,61.7%,11.4%,-2.0,38.7%,,8.4%,1.5%,,10.8%,14.9%,8.6%,,,16.8%,0.4%,,,94.2,,88.7,87.3,,94.7,84.6,78.1,,,86.2,82.5,,-1.4,,0.2,-9.5,,-9.0,1.4,-1.6,,,-2.5,-9.2,,10.3,,3.5,5.0,,6.4,3.2,-5.0,,,5.2,0.0,,-1.1,,-3.6,-0.3,,-0.4,-1.9,-2.4,,,-2.9,1.1,,-0.36,,-5.36,-2.15,,-0.48,-1.64,-3.53,,,-2.19,38.18,,31.2%,64.4%,48.5%,60.5%,83.5%,76.4%,52.0%,17.9,0.9,1.1,-1.4,22 - 37,-11.9,0.8,-1.7,46.1%,34.4%,19.5%,14.9%,57.8%,27.3%,26.3%,17.7%,0.1%,6.3%,38.6%,8.4%,0.6%,,0.4%,10.0%,17.9%,,86.7,71.2,76.4,94.6,91.5,86.8,,83.0,95.1,84.3,,-2.7,11.2,-4.3,-1.2,-0.6,-7.6,,-8.6,-8.8,2.9,,3.4,-11.9,-7.1,9.0,4.2,2.2,,-2.1,4.7,-0.1,,-3.4,-0.7,-0.5,-1.8,-2.7,-0.3,,1.1,-0.5,-3.3,,-2.44,-72.44,-0.94,-0.57,-4.02,-5.06,,38.18,-0.68,-2.34,,31.7%,63.8%,48.4%,61.7%,83.0%,76.3%,52.2%,17.9,-0.2,89,49,88,83,81,70,87,113,97,96,56,109,106,77,85,112,89,88.8,15.5,5,3.2%,113.5,53,34.4%,154,16.6%,28.1%,,,,-0.3
KCR,29,70,153,172,26,15,6,1,4,14,14,17,0,43,2,0,0,4,2,0,.170,46,43,20,2,643,236,407,1,1,0,9.9%,25.0%,0.40,.262,.301,.562,.131,.208,1.07,18.3%,42.2%,39.4%,4.7%,9.3%,2.2%,0.0%,.255,-9.5,11,-9.9,0.9,5.3,-0.5,-3.8,-0.4,($3.0),4.7,53,-1.67,-3.81,2.14,-8.26,-0.84,1.05,1.32,2,-0.73,-0.85,45.6%,94.0,21.9%,85.0,4.5%,88.5,13.6%,82.0,8.3%,87.5,6.0%,86.4,,,0.8%,,0.4,-1.8,-1.2,-2.5,-1.8,-2.5,,0.15,-1.31,-4.11,-2.85,-3.34,-6.66,,34.2%,68.3%,47.3%,59.0%,82.7%,72.2%,38.6%,61.6%,13.2%,0.2,32.9%,,2.8%,3.9%,,13.1%,21.7%,14.0%,0.8%,,10.9%,,,,93.8,,87.4,84.7,,94.1,85.3,81.9,83.2,,88.0,,,-3.2,,2.3,-7.4,,-5.8,2.4,5.0,6.3,,-4.9,,,8.5,,1.7,0.9,,4.7,1.1,-5.3,-6.2,,3.6,,,-2.1,,-0.8,-2.3,,2.1,-1.9,-2.7,-0.1,,-2.1,,,-1.01,,-4.17,-9.30,,2.55,-1.40,-3.02,-2.82,,-2.95,,,32.2%,62.7%,47.4%,53.8%,80.5%,71.4%,49.7%,18.4,0.4,0.1,-0.1,23 - 39,-9.7,0.2,0.2,44.5%,42.7%,12.7%,10.9%,54.5%,34.5%,37.2%,10.9%,,8.4%,32.6%,1.6%,3.6%,,,13.6%,29.4%,,87.8,,80.9,93.7,88.5,83.4,,,94.0,84.7,,-4.9,,4.3,-3.1,0.0,-7.2,,,-5.4,3.9,,2.5,,-9.0,7.8,2.6,-0.6,,,3.5,-1.0,,-2.1,,-1.6,-2.4,-0.6,-2.3,,,2.4,-3.3,,-2.95,,-2.87,-1.17,-6.39,-10.13,,,2.78,-1.76,,31.9%,62.5%,47.4%,53.5%,80.3%,71.4%,50.6%,18.4,-0.1,69,111,114,81,74,81,71,99,98,103,76,110,123,51,65,107,106,92.1,12.5,4,3.6%,113.2,60,54.5%,110,15.9%,29.1%,,,,-0.3
DET,28,74,173,184,35,25,6,0,4,16,16,11,0,52,0,0,0,2,0,2,.202,63,37,21,6,710,237,473,7,0,0,6.0%,28.3%,0.21,.250,.306,.556,.104,.265,1.70,17.4%,52.1%,30.6%,16.2%,10.8%,11.1%,0.0%,.247,-11.4,11,-10.8,0.6,5.7,-0.5,-6.1,-0.6,($4.9),2.0,51,-0.56,-2.70,2.14,-6.16,-0.72,0.80,0.32,3,-0.71,0.02,46.2%,94.4,16.7%,84.2,7.6%,89.0,13.7%,81.3,11.6%,86.3,4.2%,86.8,,,0.3%,,-3.3,-0.9,1.1,-1.0,-4.2,-1.0,,-1.02,-0.77,1.95,-1.04,-5.13,-3.39,,38.8%,64.9%,50.1%,62.6%,79.0%,71.8%,43.5%,67.9%,14.1%,-1.3,30.0%,,4.9%,2.7%,,16.5%,19.2%,10.0%,3.7%,,13.0%,,,,94.8,,87.7,86.1,,93.5,85.1,80.5,83.2,,86.4,,,0.5,,-0.3,-6.5,,-0.4,1.9,1.0,2.3,,5.3,,,10.7,,4.4,2.0,,4.8,1.7,-6.5,-8.1,,4.4,,,-1.4,,0.0,-1.0,,-3.0,0.1,-1.0,-0.1,,-4.4,,,-0.64,,-0.14,-5.08,,-2.61,0.10,-1.45,-0.50,,-4.74,,,35.5%,63.9%,50.2%,57.0%,79.6%,71.9%,51.9%,18.9,0.1,-1.1,0.2,22 - 40,-12.1,0.3,-0.4,47.1%,32.2%,20.7%,19.0%,40.5%,40.5%,36.4%,13.8%,,12.4%,31.7%,3.8%,1.8%,,,14.8%,21.6%,,86.9,,81.0,95.2,89.1,85.0,,,93.7,85.4,,4.4,,1.0,0.2,0.4,-5.8,,,0.3,2.2,,2.6,,-9.1,9.3,4.2,-0.6,,,2.7,-0.2,,-4.7,,-0.8,-2.0,-0.2,-0.7,,,-2.4,-0.1,,-4.76,,-0.86,-0.91,-0.90,-5.09,,,-2.26,-0.04,,35.6%,63.1%,49.9%,56.2%,80.7%,72.3%,52.0%,18.9,0.3,82,67,128,78,75,65,91,94,120,80,88,117,92,83,114,80,125,87.7,9.1,6,5.0%,111.7,42,34.7%,121,16.5%,30.6%,,,,-0.7
