Team,Age,W,L,ERA,G,GS,CG,ShO,SV,BS,IP,TBF,H,R,ER,HR,BB,IBB,HBP,WP,BK,SO,GB,FB,LD,IFFB,Balls,Strikes,Pitches,RS,IFH,BU,BUH,K/9,BB/9,K/BB,H/9,HR/9,AVG,WHIP,BABIP,LOB%,FIP,GB/FB,LD%,GB%,FB%,IFFB%,HR/FB,IFH%,BUH%,Starting,Start-IP,Relieving,Relief-IP,RAR,WAR,Dollars,tERA,xFIP,WPA,-WPA,+WPA,RE24,REW,pLI,inLI,gmLI,exLI,Pulls,WPA/LI,Clutch,FB%.1,FBv,SL%,SLv,CT%,CTv,CB%,CBv,CH%,CHv,SF%,SFv,KN%,KNv,XX%,PO%,wFB,wSL,wCT,wCB,wCH,wSF,wKN,wFB/C,wSL/C,wCT/C,wCB/C,wCH/C,wSF/C,wKN/C,O-Swing%,Z-Swing%,Swing%,O-Contact%,Z-Contact%,Contact%,Zone%,F-Strike%,SwStr%,HLD,SD,MD,ERA-,FIP-,xFIP-,K%,BB%,SIERA,RS/9,E-F,FA% (sc),FT% (sc),FC% (sc),FS% (sc),FO% (sc),SI% (sc),SL% (sc),CU% (sc),KC% (sc),EP% (sc),CH% (sc),SC% (sc),KN% (sc),UN% (sc),vFA (sc),vFT (sc),vFC (sc),vFS (sc),vFO (sc),vSI (sc),vSL (sc),vCU (sc),vKC (sc),vEP (sc),vCH (sc),vSC (sc),vKN (sc),FA-X (sc),FT-X (sc),FC-X (sc),FS-X (sc),FO-X (sc),SI-X (sc),SL-X (sc),CU-X (sc),KC-X (sc),EP-X (sc),CH-X (sc),SC-X (sc),KN-X (sc),FA-Z (sc),FT-Z (sc),FC-Z (sc),FS-Z (sc),FO-Z (sc),SI-Z (sc),SL-Z (sc),CU-Z (sc),KC-Z (sc),EP-Z (sc),CH-Z (sc),SC-Z (sc),KN-Z (sc),wFA (sc),wFT (sc),wFC (sc),wFS (sc),wFO (sc),wSI (sc),wSL (sc),wCU (sc),wKC (sc),wEP (sc),wCH (sc),wSC (sc),wKN (sc),wFA/C (sc),wFT/C (sc),wFC/C (sc),wFS/C (sc),wFO/C (sc),wSI/C (sc),wSL/C (sc),wCU/C (sc),wKC/C (sc),wEP/C (sc),wCH/C (sc),wSC/C (sc),wKN/C (sc),O-Swing% (sc),Z-Swing% (sc),Swing% (sc),O-Contact% (sc),Z-Contact% (sc),Contact% (sc),Zone% (sc),Pace,RA9-WAR,BIP-Wins,LOB-Wins,FDP-Wins,Age Rng,K-BB%,Pull%,Cent%,Oppo%,Soft%,Med%,Hard%,kwERA,TTO%,CH% (pi),CS% (pi),CU% (pi),FA% (pi),FC% (pi),FS% (pi),KN% (pi),SB% (pi),SI% (pi),SL% (pi),XX% (pi),vCH (pi),vCS (pi),vCU (pi),vFA (pi),vFC (pi),vFS (pi),vKN (pi),vSB (pi),vSI (pi),vSL (pi),vXX (pi),CH-X (pi),CS-X (pi),CU-X (pi),FA-X (pi),FC-X (pi),FS-X (pi),KN-X (pi),SB-X (pi),SI-X (pi),SL-X (pi),XX-X (pi),CH-Z (pi),CS-Z (pi),CU-Z (pi),FA-Z (pi),FC-Z (pi),FS-Z (pi),KN-Z (pi),SB-Z (pi),SI-Z (pi),SL-Z (pi),XX-Z (pi),wCH (pi),wCS (pi),wCU (pi),wFA (pi),wFC (pi),wFS (pi),wKN (pi),wSB (pi),wSI (pi),wSL (pi),wXX (pi),wCH/C (pi),wCS/C (pi),wCU/C (pi),wFA/C (pi),wFC/C (pi),wFS/C (pi),wKN/C (pi),wSB/C (pi),wSI/C (pi),wSL/C (pi),wXX/C (pi),O-Swing% (pi),Z-Swing% (pi),Swing% (pi),O-Contact% (pi),Z-Contact% (pi),Contact% (pi),Zone% (pi),Pace (pi),FRM,K/9+,BB/9+,K/BB+,H/9+,HR/9+,AVG+,WHIP+,BABIP+,LOB%+,K%+,BB%+,LD%+,GB%+,FB%+,HR/FB%+,Pull%+,Cent%+,Oppo%+,Soft%+,Med%+,Hard%+,EV,LA,Barrels,Barrel%,maxEV,HardHit,HardHit%,Events,CStr%,CSW%,xERA
MIN,29,4,1,1.23,20,5,0,0,2,0,44.0,168,27,6,6,3,15,0,1,1,0,48,48,35,20,2,233,413,646,22,2,1,0,9.82,3.07,3.20,5.52,0.61,.178,0.95,.238,95.4%,3.02,1.37,19.4%,46.6%,34.0%,5.7%,8.6%,4.2%,0.0%,5.4,26.1,2.7,17.2,8.1,0.9,$7.2,3.08,3.50,1.88,-1.65,3.53,15.53,1.62,0.96,0.92,1.00,1.03,15,0.98,0.98,45.0%,93.7,24.9%,84.8,3.1%,87.8,8.4%,81.1,11.2%,87.0,7.3%,85.4,,,0.6%,,2.6,3.9,0.7,0.7,2.3,2.7,,0.89,2.44,3.41,1.35,3.24,5.84,,34.0%,66.1%,46.6%,57.1%,82.5%,71.2%,39.1%,64.3%,13.3%,6,8,0,29,75,85,28.6%,8.9%,3.41,4.50,-1.80,36.4%,,4.7%,10.7%,,7.9%,22.6%,8.3%,0.8%,,8.6%,,,,93.8,,87.6,85.4,,93.5,84.5,80.9,83.2,,87.5,,,-4.5,,1.8,-8.3,,-9.3,3.4,3.9,6.3,,-5.4,,,9.5,,2.7,1.8,,5.6,0.9,-7.2,-6.2,,3.8,,,3.2,,1.9,3.3,,-0.8,2.6,0.9,0.1,,2.1,,,1.37,,6.22,4.73,,-1.65,1.76,1.63,2.82,,3.80,,,31.9%,62.5%,46.6%,57.0%,78.6%,70.9%,47.8%,19.0,2.1,0.6,0.6,1.2,25 - 36,19.6%,46.2%,38.5%,15.4%,13.5%,54.8%,31.7%,3.92,39.3%,8.6%,,8.6%,35.5%,2.5%,10.4%,,,9.0%,25.4%,,87.3,,80.9,93.7,87.7,85.0,,,93.7,84.6,,-5.3,,4.4,-3.9,2.2,-7.9,,,-8.6,4.1,,2.4,,-9.0,8.7,2.6,0.4,,,4.4,-0.4,,2.1,,1.5,3.3,1.3,3.3,,,-0.9,2.5,,3.80,,2.75,1.45,8.29,4.88,,,-1.57,1.55,,31.7%,61.8%,46.6%,57.3%,77.6%,70.6%,49.4%,19.0,0.1,110,96,76,63,53,71,72,78,129,123,108,99,107,92,71,113,111,63,84,107,96,90.8,10.6,4,3.8%,114.1,49,47.1%,104,17.0%,30.3%,
TBR,28,5,0,2.00,21,5,0,0,0,0,45.0,178,34,11,10,2,9,0,2,1,0,44,61,39,23,5,209,450,659,37,5,0,0,8.80,1.80,4.89,6.80,0.40,.204,0.96,.264,80.6%,2.58,1.56,18.7%,49.6%,31.7%,12.8%,5.1%,8.2%,0.0%,10.9,26.0,-0.8,18.3,10.1,1.3,$10.2,2.48,3.49,1.01,-1.55,2.56,9.58,1.08,0.74,0.75,0.67,0.61,16,1.11,0.25,45.2%,93.8,22.3%,82.7,8.4%,88.5,11.0%,79.9,10.5%,84.5,2.6%,88.2,,,0.6%,,4.1,2.0,0.5,2.3,2.6,0.4,,1.38,1.37,0.91,3.18,3.82,2.09,,39.5%,67.4%,51.8%,67.6%,80.4%,74.9%,44.0%,69.7%,12.9%,3,1,0,50,66,85,24.7%,5.1%,3.28,7.40,-0.58,25.3%,,8.4%,0.2%,,20.9%,21.6%,10.8%,,,12.8%,,,,94.8,,88.0,92.4,,92.4,82.5,79.8,,,85.0,,,3.0,,0.2,-8.0,,-2.2,2.9,-0.2,,,5.5,,,10.8,,3.1,6.0,,3.6,0.1,-4.2,,,3.7,,,4.6,,0.6,0.0,,-0.1,1.7,2.3,,,3.0,,,2.77,,1.05,-4.26,,-0.10,1.22,3.27,,,3.63,,,37.4%,65.4%,51.8%,61.3%,81.9%,74.7%,51.5%,19.3,1.7,0.6,-0.2,0.4,25 - 31,19.7%,50.4%,26.0%,23.6%,21.1%,42.3%,36.6%,3.91,30.9%,13.0%,,7.2%,29.7%,4.9%,,,,16.5%,28.8%,,85.6,,81.9,95.3,88.5,,,,92.5,83.0,,5.4,,3.2,1.9,0.5,,,,-1.3,2.0,,2.2,,-7.8,9.3,3.8,,,,0.9,-1.2,,3.0,,1.7,4.4,-0.6,,,,0.0,3.5,,3.53,,3.57,2.28,-1.80,,,,0.02,1.84,,36.2%,67.3%,51.8%,59.3%,82.9%,74.7%,50.3%,19.3,0.0,98,56,127,78,35,81,72,86,109,107,61,96,114,85,43,124,75,96,132,83,111,87.0,10.5,7,5.7%,111.7,43,35.0%,123,16.5%,29.4%,
MIL,29,4,1,2.05,19,5,0,0,2,0,44.0,176,31,10,10,3,15,0,3,1,0,35,58,41,24,3,260,420,680,31,4,0,0,7.16,3.07,2.33,6.34,0.61,.196,1.05,.233,87.1%,3.75,1.41,19.5%,47.2%,33.3%,7.3%,7.3%,6.9%,0.0%,6.7,28.1,1.0,14.5,7.7,0.8,$6.4,3.93,4.46,0.87,-1.83,2.71,11.39,1.19,0.75,0.70,0.57,0.46,14,0.60,0.56,45.1%,93.5,18.0%,83.6,14.6%,89.7,7.4%,78.0,14.9%,85.2,,,,,0.3%,,3.3,1.6,3.9,-1.1,3.9,,,1.07,1.32,3.93,-2.29,3.89,,,30.2%,65.3%,44.5%,71.1%,82.3%,77.8%,40.9%,58.0%,9.9%,1,2,0,45,80,96,19.9%,8.5%,4.30,6.34,-1.70,34.4%,,14.9%,,,11.1%,16.4%,8.8%,,,14.5%,,,,93.3,,89.6,,,94.0,84.0,78.0,,,85.0,,,-2.6,,0.7,,,-6.6,4.8,0.9,,,-3.7,,,9.7,,6.4,,,5.3,2.0,-3.7,,,3.6,,,5.3,,3.2,,,-1.0,1.4,-1.2,,,3.6,,,2.29,,3.21,,,-1.34,1.24,-2.02,,,3.71,,,27.4%,61.8%,44.5%,67.7%,82.3%,77.8%,49.9%,18.3,1.7,0.5,0.3,0.9,25 - 37,11.4%,30.9%,40.7%,28.5%,19.5%,57.7%,22.8%,4.91,30.1%,13.9%,,8.8%,32.4%,12.8%,0.3%,,,13.4%,18.3%,,85.4,,78.5,93.8,90.9,87.3,,,94.4,84.5,,-3.3,,0.9,-1.9,0.9,-7.1,,,-6.4,4.9,,1.9,,-5.3,8.8,4.8,4.8,,,4.1,1.0,,3.5,,-1.2,4.5,3.5,-0.1,,,0.1,1.0,,3.69,,-2.02,2.06,4.03,-4.76,,,0.14,0.84,,27.4%,60.6%,44.5%,67.8%,82.1%,77.8%,51.6%,18.3,0.1,86,84,85,75,46,80,78,82,117,92,90,98,107,92,51,74,125,112,107,112,75,85.6,11.3,5,4.1%,109.6,38,30.9%,123,16.9%,26.8%,
LAD,28,4,2,2.17,24,6,0,0,2,1,54.0,202,38,13,13,2,6,0,3,0,0,48,65,52,26,6,247,512,759,38,5,2,2,8.00,1.00,8.00,6.33,0.33,.197,0.81,.252,76.9%,2.43,1.25,18.2%,45.5%,36.4%,11.5%,3.8%,7.7%,100.0%,14.3,35.0,1.9,18.3,16.2,1.8,$14.4,2.31,3.60,0.38,-3.10,3.48,12.38,1.32,0.90,0.81,0.90,0.90,18,1.40,-0.98,54.0%,93.9,16.6%,85.3,6.9%,92.1,10.8%,78.6,10.8%,86.5,0.9%,85.9,,,0.1%,,4.7,2.1,2.7,3.0,2.7,0.3,,1.15,1.66,5.18,3.69,3.31,4.51,,37.8%,68.9%,51.1%,62.4%,86.0%,76.0%,42.5%,64.9%,12.3%,0,2,3,49,51,77,23.8%,3.0%,3.31,6.33,-0.26,44.6%,,8.0%,0.9%,,8.8%,14.9%,11.6%,,,11.1%,,,,93.6,,90.3,85.8,,95.2,85.8,79.0,,,86.5,,,-1.8,,-2.1,-8.5,,-9.5,1.0,-3.8,,,-1.9,,,9.9,,3.9,3.2,,6.3,3.3,-3.7,,,4.7,,,4.5,,3.4,0.3,,0.1,0.9,3.7,,,2.8,,,1.34,,5.55,4.51,,0.22,0.75,4.21,,,3.37,,,35.0%,65.8%,51.1%,55.9%,85.8%,76.0%,52.1%,18.0,2.0,0.5,-0.3,0.2,24 - 35,20.8%,46.2%,32.4%,21.4%,14.5%,58.6%,26.9%,3.78,27.7%,11.2%,1.2%,8.0%,44.2%,10.7%,0.9%,,,8.4%,15.3%,,86.8,78.2,77.7,93.8,90.8,86.0,,,95.5,85.2,,-1.7,3.9,-7.8,-1.5,-1.0,-8.1,,,-9.5,1.9,,3.2,-8.0,-5.1,8.9,3.8,2.0,,,5.0,0.3,,2.8,0.5,1.8,4.8,3.7,0.3,,,0.5,1.4,,3.28,5.24,2.97,1.42,4.54,4.51,,,0.84,1.19,,35.8%,65.6%,51.1%,57.6%,85.5%,76.0%,51.3%,18.0,0.0,96,27,132,75,25,80,61,88,104,110,31,91,103,101,27,110,100,84,79,114,89,87.8,15.2,4,2.8%,108.4,47,32.4%,145,15.9%,28.2%,
NYY,29,3,2,2.40,22,5,0,0,0,0,45.0,185,40,12,12,4,9,0,4,2,1,60,51,33,26,6,263,506,769,25,3,2,2,12.00,1.80,6.67,8.00,0.80,.233,1.09,.333,86.5%,2.58,1.55,23.6%,46.4%,30.0%,18.2%,12.1%,5.9%,100.0%,5.7,23.3,4.3,18.9,10.0,1.2,$9.5,2.97,2.68,0.25,-2.25,2.50,9.05,0.97,0.74,0.66,0.58,0.49,17,0.63,-0.30,49.9%,95.2,15.1%,86.3,7.8%,91.4,10.0%,82.5,17.2%,87.4,,,,,1.6%,,3.4,0.4,-0.2,0.5,2.7,,,0.89,0.37,-0.26,0.63,2.09,,,36.1%,71.5%,50.8%,54.7%,77.6%,68.1%,41.7%,61.1%,16.1%,3,1,3,57,63,66,32.4%,4.9%,2.52,5.00,-0.18,32.8%,,7.7%,,,17.6%,16.9%,5.9%,2.1%,,17.0%,,,,94.6,,91.3,,,96.3,85.7,82.4,83.2,,87.4,,,-4.3,,0.3,,,-7.6,3.4,1.3,8.0,,-7.2,,,10.0,,5.6,,,5.8,1.8,-0.9,-5.7,,4.9,,,0.7,,-0.1,,,3.3,-0.8,1.5,0.3,,2.7,,,0.30,,-0.23,,,2.42,-0.60,3.25,1.70,,2.09,,,32.4%,68.6%,50.7%,50.0%,76.3%,68.0%,50.7%,18.6,1.3,-0.3,0.4,0.1,25 - 32,27.6%,42.0%,31.3%,26.8%,18.8%,52.7%,28.6%,2.96,39.5%,17.1%,,6.5%,32.9%,8.0%,,,,17.5%,17.9%,,87.5,,82.9,94.7,91.0,,,,96.3,85.2,,-6.7,,3.8,-3.8,0.9,,,,-6.9,4.5,,3.5,,-3.9,9.0,4.5,,,,4.4,0.0,,2.8,,1.9,0.3,0.0,,,,3.5,-0.8,,2.13,,3.71,0.12,0.01,,,,2.62,-0.62,,32.5%,68.9%,50.7%,49.2%,76.9%,68.0%,50.1%,18.6,0.0,134,56,147,91,70,93,82,109,120,140,59,121,107,81,101,103,90,109,117,103,87,87.8,12.6,6,5.4%,111.7,37,33.0%,112,14.8%,30.9%,
ATL,31,4,1,2.45,23,5,0,0,1,0,44.0,181,41,12,12,2,16,0,0,1,0,32,59,50,24,5,242,441,683,27,2,0,0,6.55,3.27,2.00,8.39,0.41,.248,1.30,.298,83.0%,3.45,1.18,18.0%,44.4%,37.6%,10.0%,4.0%,3.4%,0.0%,6.5,23.4,1.8,17.8,8.3,0.9,$7.1,3.47,4.81,0.77,-2.01,2.78,9.17,0.96,0.86,0.76,0.84,0.82,18,0.79,0.11,40.7%,94.2,23.2%,82.4,12.5%,86.9,9.8%,81.0,9.6%,83.8,4.2%,85.0,,,5.4%,,-0.4,1.4,1.6,3.0,0.6,0.3,,-0.17,0.93,1.99,4.70,0.96,1.07,,33.2%,71.6%,49.3%,59.5%,85.8%,75.5%,41.9%,64.6%,12.0%,7,1,0,53,75,104,17.7%,8.8%,4.65,5.52,-1.00,36.8%,,10.1%,1.8%,,6.8%,25.9%,9.1%,,,9.6%,,,,94.2,,88.2,86.6,,92.8,82.2,81.1,,,83.8,,,-0.3,,-1.3,-9.0,,-7.8,1.6,3.8,,,0.5,,,9.6,,5.3,1.0,,5.2,0.8,-4.5,,,4.4,,,0.1,,1.2,0.5,,0.0,2.0,3.0,,,0.3,,,0.03,,1.69,4.18,,-0.04,1.11,4.77,,,0.46,,,31.4%,67.3%,49.3%,53.3%,86.0%,75.5%,49.9%,18.0,1.4,-0.1,0.6,0.5,24 - 39,8.8%,41.4%,31.6%,27.1%,15.0%,53.4%,31.6%,5.21,27.6%,9.8%,,5.5%,37.1%,9.7%,1.8%,,,6.7%,29.5%,,84.1,,82.2,94.6,88.7,87.1,,,93.2,82.6,,0.8,,6.7,-0.2,-0.8,-8.1,,,-6.6,1.8,,3.0,,-6.9,8.5,4.4,-0.3,,,4.2,-0.9,,-0.3,,1.7,0.0,1.3,0.5,,,0.4,2.8,,-0.44,,4.63,-0.01,2.00,4.18,,,0.97,1.39,,30.9%,66.3%,48.5%,56.7%,85.1%,76.1%,49.9%,18.0,0.1,79,90,44,99,31,102,96,104,112,82,93,91,101,104,28,98,97,106,82,104,105,89.5,13.0,3,2.3%,114.8,53,39.8%,133,15.1%,27.1%,
LAA,29,3,2,3.14,17,5,0,0,1,1,43.0,177,34,17,15,5,14,1,2,1,0,43,45,49,22,6,254,441,695,29,3,1,0,9.00,2.93,3.07,7.12,1.05,.211,1.12,.257,76.7%,3.86,0.92,19.0%,38.8%,42.2%,12.2%,10.2%,6.7%,0.0%,4.4,25.3,1.4,16.3,5.8,0.7,$5.8,3.88,4.29,0.07,-2.46,2.53,1.40,0.16,0.78,0.73,1.13,1.24,12,0.23,-0.14,39.6%,93.3,29.1%,84.8,6.2%,85.3,7.3%,76.4,15.4%,82.6,2.3%,88.9,,,0.3%,,2.4,1.9,1.2,0.3,-0.4,-0.1,,0.89,0.92,2.76,0.54,-0.41,-0.33,,31.8%,67.4%,47.4%,66.9%,83.9%,77.5%,43.8%,59.9%,10.6%,4,4,2,73,91,104,24.3%,7.9%,3.84,6.07,-0.72,33.4%,,5.8%,2.0%,,6.1%,28.5%,8.1%,0.3%,,15.9%,,,,93.6,,85.4,89.4,,91.5,85.1,75.9,83.5,,82.6,,,1.7,,0.0,-3.9,,1.5,1.9,-2.9,-0.3,,5.0,,,10.3,,5.5,2.7,,7.4,2.0,-3.8,-4.2,,5.3,,,4.1,,1.7,-0.1,,-1.5,1.5,0.2,-0.1,,-0.4,,,1.75,,4.19,-0.74,,-3.57,0.76,0.43,-3.79,,-0.38,,,25.7%,67.8%,47.6%,64.0%,82.0%,77.3%,51.9%,17.8,1.1,0.6,-0.2,0.4,23 - 35,16.4%,41.9%,33.3%,24.8%,19.7%,46.2%,34.2%,4.31,35.0%,15.0%,,7.6%,33.4%,6.2%,2.7%,,,6.2%,28.8%,,82.9,,77.0,94.0,86.0,88.9,,,92.1,85.2,,5.4,,-2.2,1.7,0.2,-3.9,,,1.0,1.6,,4.0,,-5.8,9.1,4.0,1.1,,,6.2,0.7,,-0.4,,0.2,4.2,1.2,0.0,,,-1.3,2.0,,-0.43,,0.34,1.80,2.73,-0.15,,,-3.01,0.98,,25.0%,68.2%,47.6%,63.9%,81.8%,77.3%,52.2%,17.8,-0.2,100,92,74,81,91,84,84,84,105,105,96,97,89,114,85,103,96,101,123,90,104,88.4,17.2,4,3.4%,110.7,43,36.4%,118,15.5%,26.2%,
SEA,29,2,4,3.27,28,6,0,0,1,1,55.0,237,49,26,20,5,25,1,1,2,0,47,76,58,27,8,325,598,923,26,3,3,2,7.69,4.09,1.88,8.02,0.82,.232,1.35,.277,72.1%,4.12,1.31,16.8%,47.2%,36.0%,13.8%,8.6%,3.9%,66.7%,4.5,29.4,1.2,23.5,5.7,0.7,$5.7,3.70,4.74,-0.36,-4.10,3.74,-1.75,-0.20,0.96,0.92,1.12,1.19,22,-0.11,-0.26,54.0%,93.5,26.4%,84.6,5.6%,86.9,4.4%,81.1,8.7%,84.5,0.9%,85.4,,,0.5%,,1.9,2.9,-1.4,0.0,-0.9,0.7,,0.37,1.21,-2.70,0.06,-1.08,8.83,,33.2%,68.6%,48.8%,53.8%,84.9%,73.1%,44.1%,59.9%,13.1%,1,6,4,81,102,114,19.8%,10.5%,4.57,4.25,-0.85,41.6%,,5.6%,0.9%,,12.3%,24.9%,2.6%,3.3%,,8.8%,,,,93.1,,86.9,85.3,,94.9,84.6,79.8,83.5,,84.6,,,-2.7,,2.6,-6.0,,-8.2,4.0,2.3,4.7,,-5.1,,,9.0,,4.9,2.6,,3.5,1.8,-7.0,-3.1,,2.7,,,2.1,,-1.4,0.7,,0.9,4.2,0.3,-1.5,,-0.8,,,0.54,,-2.70,8.83,,0.77,1.83,1.18,-4.91,,-1.04,,,31.2%,63.9%,48.8%,49.6%,82.6%,72.9%,53.8%,17.9,0.8,0.5,-0.4,0.1,24 - 33,9.3%,32.3%,39.0%,28.7%,19.5%,47.6%,32.9%,5.16,32.5%,8.7%,,4.1%,41.1%,4.2%,0.9%,,,12.5%,28.5%,,85.1,,81.6,93.8,87.6,85.9,,,95.4,85.4,,-4.9,,2.9,-2.6,2.9,-5.9,,,-7.5,4.2,,1.4,,-8.0,8.1,3.7,1.3,,,2.4,0.7,,-0.8,,-0.3,2.4,-2.1,0.7,,,0.8,3.7,,-1.04,,-0.73,0.64,-5.50,8.83,,,0.67,1.42,,30.3%,64.2%,48.7%,50.0%,82.2%,73.1%,54.2%,17.9,-0.4,86,128,56,91,71,93,101,90,98,86,128,86,109,97,72,79,112,116,122,93,100,88.5,11.1,5,3.0%,111.5,66,40.2%,164,15.9%,29.0%,
KCR,30,1,4,3.80,23,5,0,0,0,0,45.0,200,49,20,19,4,19,0,1,2,0,41,56,49,33,1,298,487,785,14,4,1,1,8.20,3.80,2.16,9.80,0.80,.272,1.51,.333,77.3%,3.89,1.14,23.9%,40.6%,35.5%,2.0%,8.2%,7.1%,100.0%,5.0,24.4,-1.8,18.5,3.2,0.4,$3.0,4.69,4.60,0.17,-2.60,2.77,2.77,0.28,0.82,0.77,0.74,0.70,18,0.09,0.12,45.8%,93.6,29.2%,83.1,5.5%,87.0,11.0%,79.3,7.5%,84.9,1.0%,89.9,,,0.1%,,-4.6,2.1,0.0,1.6,1.0,0.1,,-1.29,0.93,-0.10,1.89,1.72,1.20,,29.0%,71.1%,46.7%,57.6%,85.9%,75.7%,42.0%,60.5%,11.3%,0,0,2,87,96,111,20.5%,9.5%,4.41,2.80,-0.09,28.3%,,3.2%,0.4%,,17.7%,28.4%,14.4%,0.5%,,7.0%,,,,94.2,,85.8,90.4,,92.6,84.4,78.8,82.7,,84.4,,,0.1,,2.2,-2.3,,-5.9,3.5,0.9,0.8,,1.7,,,9.0,,4.0,3.3,,4.4,0.9,-4.8,-1.8,,3.8,,,-2.8,,-0.1,-0.1,,-1.4,2.8,1.2,0.2,,0.9,,,-1.26,,-0.57,-4.53,,-1.01,1.26,1.03,4.93,,1.59,,,24.7%,68.4%,46.8%,50.0%,84.1%,75.2%,50.5%,18.4,0.6,-0.3,0.5,0.2,25 - 39,11.0%,41.0%,35.3%,23.7%,14.4%,51.1%,34.5%,4.95,32.0%,6.9%,,11.5%,26.5%,6.9%,0.6%,,,16.8%,30.7%,,84.0,,79.2,93.8,89.3,89.6,,,93.0,83.2,,1.4,,2.4,0.0,1.7,-2.9,,,-6.0,3.0,,2.4,,-7.8,8.3,4.2,2.2,,,3.3,-0.6,,0.9,,1.4,-3.3,-0.7,-0.3,,,-0.3,2.9,,1.71,,1.52,-1.60,-1.29,-5.33,,,-0.24,1.20,,25.0%,68.4%,46.7%,49.0%,85.1%,75.4%,50.0%,18.4,-0.1,92,119,66,112,70,109,114,109,105,89,115,122,94,96,68,101,102,96,90,100,105,90.8,11.8,13,9.4%,113.2,61,43.9%,139,15.3%,26.6%,
PIT,29,3,2,3.98,23,5,0,0,3,0,43.0,186,37,20,19,9,20,2,0,4,0,44,49,49,23,8,278,463,741,19,6,1,1,9.21,4.19,2.20,7.74,1.88,.223,1.33,.248,83.3%,5.30,1.00,19.0%,40.5%,40.5%,16.3%,18.4%,12.2%,100.0%,-2.9,22.8,6.7,17.4,3.8,0.5,$4.0,5.16,4.52,0.79,-3.51,4.31,3.98,0.39,1.22,1.15,1.45,1.60,18,0.03,0.62,37.9%,93.6,25.2%,84.4,8.8%,90.1,19.3%,78.3,7.6%,87.8,1.2%,91.4,,,1.3%,,-2.1,-2.8,-1.5,5.7,-0.7,-0.6,,-0.74,-1.51,-2.24,4.00,-1.27,-6.89,,29.6%,66.7%,45.3%,64.3%,84.6%,76.9%,42.3%,55.4%,10.4%,6,9,1,88,114,97,23.7%,10.8%,4.23,3.98,-1.32,29.7%,,9.1%,1.6%,,7.7%,26.2%,14.2%,3.4%,,8.0%,,,,93.3,,90.2,90.6,,95.4,84.1,77.0,82.6,,87.4,,,-2.1,,-0.2,-7.0,,-8.4,1.5,-0.2,4.8,,-4.4,,,10.1,,4.7,3.6,,6.5,0.9,-5.3,-0.1,,5.1,,,-5.1,,-0.6,-0.6,,3.0,-1.6,3.6,0.2,,-0.9,,,-2.34,,-0.87,-4.59,,5.19,-0.80,3.44,1.00,,-1.57,,,24.2%,65.3%,45.3%,54.0%,85.0%,76.9%,51.2%,18.4,0.9,0.3,0.1,0.4,23 - 43,12.9%,52.5%,29.5%,18.0%,21.3%,57.4%,21.3%,4.72,39.2%,7.0%,,12.3%,29.9%,8.7%,1.6%,,,8.1%,32.2%,,88.0,,76.5,93.6,90.5,90.8,,,94.6,84.1,,-5.0,,1.1,-1.4,0.7,-6.2,,,-7.6,2.0,,3.9,,-8.3,9.0,3.4,2.0,,,4.7,-0.5,,-0.7,,4.6,-4.3,-0.5,-0.6,,,2.2,-2.6,,-1.43,,5.00,-1.94,-0.72,-4.59,,,3.74,-1.08,,23.9%,65.2%,45.3%,54.1%,85.1%,77.2%,51.8%,18.4,0.0,111,114,77,92,141,91,99,87,114,110,113,96,92,112,129,125,91,71,116,111,71,87.5,13.8,9,7.4%,111.7,43,35.2%,122,17.4%,27.8%,
TEX,30,3,2,4.00,18,5,0,0,1,0,45.0,186,42,20,20,5,15,1,1,2,1,46,48,53,23,5,266,468,734,31,4,0,0,9.20,3.00,3.07,8.40,1.00,.247,1.27,.311,74.5%,3.69,0.91,18.5%,38.7%,42.7%,9.4%,9.4%,8.3%,0.0%,1.4,21.7,3.7,20.5,5.2,0.6,$5.1,3.61,4.26,0.13,-2.67,2.80,1.42,0.15,0.77,0.77,0.89,0.89,13,-0.05,0.22,49.7%,94.4,22.0%,84.4,11.5%,89.2,3.0%,77.5,10.5%,85.8,3.3%,86.8,,,1.0%,,-0.6,-3.1,2.5,0.0,1.6,0.2,,-0.17,-1.93,3.02,0.18,2.07,0.92,,34.6%,67.5%,46.8%,62.3%,86.3%,75.1%,37.1%,64.0%,11.6%,2,3,0,94,89,103,24.7%,8.1%,3.77,6.20,0.31,36.4%,,10.7%,1.9%,,12.9%,22.8%,3.4%,,,11.9%,,,,95.2,,89.3,88.4,,92.4,84.5,77.5,,,85.8,,,-0.1,,0.6,-7.6,,0.8,1.8,6.2,,,-0.2,,,8.9,,5.6,1.1,,5.5,1.3,-6.3,,,4.1,,,-0.3,,1.3,-0.9,,-0.2,-1.4,0.1,,,2.3,,,-0.10,,1.65,-6.17,,-0.25,-0.82,0.34,,,2.61,,,32.7%,63.9%,46.8%,55.7%,87.2%,75.1%,45.1%,18.6,0.6,0.0,0.0,0.0,25 - 38,16.7%,41.9%,28.2%,29.8%,15.3%,55.6%,29.0%,4.27,35.5%,10.9%,,3.0%,35.2%,10.9%,2.7%,,,14.2%,23.0%,,86.0,,77.6,95.5,89.3,87.7,,,92.3,84.5,,0.1,,6.9,-0.1,0.8,-6.8,,,0.9,1.9,,2.7,,-8.0,8.0,4.6,1.1,,,4.3,-0.1,,1.5,,0.0,-0.4,1.7,-0.2,,,0.1,-1.8,,1.88,,0.18,-0.16,2.15,-0.83,,,0.07,-1.05,,33.4%,63.3%,46.8%,56.3%,87.4%,75.1%,44.7%,18.6,0.2,103,94,71,96,87,99,95,102,101,107,98,95,89,115,78,103,81,121,96,109,88,88.5,15.7,9,7.3%,108.1,47,37.9%,124,17.0%,28.6%,
CLE,27,4,2,4.12,29,6,0,0,3,1,54.2,225,46,27,25,5,15,0,2,7,0,54,59,68,24,5,312,576,888,32,5,3,1,8.89,2.47,3.60,7.57,0.82,.221,1.12,.275,64.3%,3.37,0.87,15.9%,39.1%,45.0%,7.4%,7.4%,8.5%,33.3%,5.8,27.4,3.1,25.4,8.9,1.0,$8.4,3.08,4.31,-0.28,-5.67,5.39,-2.40,-0.28,1.32,1.16,1.30,1.41,23,0.09,-0.30,47.7%,93.2,25.6%,85.0,10.0%,86.0,6.8%,80.2,8.3%,82.6,1.6%,86.2,,,0.9%,,0.6,1.7,6.0,-0.8,-2.8,-0.4,,0.15,0.77,6.84,-1.29,-3.82,-3.16,,34.5%,69.2%,50.0%,65.5%,87.5%,79.1%,44.7%,62.2%,10.5%,2,12,4,97,82,104,24.0%,6.7%,3.72,5.27,0.74,36.8%,,17.8%,1.7%,,7.4%,21.1%,4.9%,1.9%,,8.4%,,,,93.0,,88.7,86.3,,92.4,84.4,79.6,81.4,,82.7,,,-5.4,,1.6,-7.1,,-8.4,1.1,3.0,5.7,,-8.6,,,10.2,,4.8,2.6,,7.4,2.2,-6.7,-6.4,,5.3,,,1.3,,4.3,-0.5,,-0.6,4.2,0.0,-0.8,,-2.8,,,0.41,,2.71,-3.19,,-0.86,2.28,0.10,-4.63,,-3.83,,,29.7%,67.5%,50.1%,57.9%,86.3%,78.5%,53.8%,18.7,0.8,0.6,-0.8,-0.2,24 - 28,17.3%,39.6%,32.5%,27.9%,14.3%,57.8%,27.9%,4.19,32.9%,7.5%,,6.8%,37.1%,17.9%,2.4%,,,7.2%,21.1%,,83.0,,80.9,93.8,89.4,87.2,,,92.9,85.2,,-8.6,,4.1,-4.8,0.3,-6.6,,,-8.4,3.0,,3.7,,-8.2,8.9,3.4,2.3,,,6.4,1.1,,-2.3,,-0.7,1.4,5.1,-1.1,,,-0.6,3.4,,-3.48,,-1.24,0.43,3.25,-5.01,,,-1.03,1.83,,29.7%,67.3%,50.1%,57.5%,86.3%,78.5%,54.1%,18.7,-0.3,99,77,102,86,72,88,84,90,89,104,81,81,90,121,61,97,94,113,89,113,85,87.6,16.4,13,8.4%,112.6,49,31.8%,154,15.0%,25.5%,
HOU,29,2,4,4.34,27,6,0,0,2,1,56.0,249,66,29,27,8,14,0,4,3,0,61,87,48,34,5,318,614,932,26,10,0,0,9.80,2.25,4.36,10.61,1.29,.286,1.43,.358,75.5%,3.87,1.81,20.1%,51.5%,28.4%,10.4%,16.7%,11.5%,0.0%,5.9,30.2,-0.1,24.4,5.8,0.7,$5.8,4.00,3.48,-0.35,-5.49,5.14,-1.46,-0.16,1.19,1.10,1.27,1.39,21,-0.71,0.41,45.2%,94.3,18.3%,84.0,8.9%,87.0,15.3%,79.9,8.4%,88.5,4.0%,85.5,,,0.1%,,-6.4,-0.4,-0.2,2.0,-2.2,0.3,,-1.51,-0.26,-0.21,1.44,-2.81,0.78,,40.5%,65.6%,50.4%,57.6%,85.0%,71.6%,39.3%,62.2%,14.3%,1,7,5,103,94,85,24.5%,5.6%,3.28,4.18,0.47,31.7%,,6.0%,4.6%,,14.4%,20.6%,11.8%,3.3%,,7.6%,,,,94.2,,85.4,85.7,,94.2,84.7,79.2,82.2,,88.5,,,-4.9,,0.6,-6.4,,4.5,4.7,1.4,2.9,,-0.8,,,9.9,,3.9,1.7,,5.2,2.2,-7.1,-7.9,,3.8,,,-8.9,,1.3,0.8,,1.9,-0.5,1.0,0.6,,-2.4,,,-3.01,,2.37,1.96,,1.38,-0.28,0.95,1.90,,-3.38,,,36.3%,65.4%,50.5%,52.0%,83.2%,71.8%,48.9%,19.1,0.3,-0.7,0.3,-0.4,24 - 34,18.9%,41.4%,34.3%,24.3%,18.9%,46.7%,34.3%,4.01,33.3%,8.3%,,13.5%,29.7%,4.9%,4.0%,,,16.2%,23.4%,,88.5,,79.1,94.3,85.9,85.5,,,94.1,84.7,,-1.2,,1.2,-4.3,1.4,-6.1,,,2.8,4.9,,2.1,,-9.6,8.9,3.2,-0.3,,,4.2,0.1,,-2.1,,1.0,-9.0,1.5,0.3,,,2.4,0.2,,-2.67,,0.77,-3.24,3.16,0.76,,,1.59,0.10,,37.4%,63.6%,50.3%,53.4%,83.3%,72.1%,49.5%,19.1,0.0,109,70,132,121,112,114,108,117,103,106,68,103,119,77,139,102,99,99,118,91,104,87.9,5.4,11,6.5%,113.4,62,36.5%,170,15.3%,29.6%,
MIA,29,2,4,4.50,23,6,1,1,1,0,54.0,226,42,28,27,7,24,0,4,1,0,33,70,61,33,4,332,533,865,10,3,1,1,5.50,4.00,1.38,7.00,1.17,.212,1.22,.222,69.8%,5.25,1.15,20.1%,42.7%,37.2%,6.6%,11.5%,4.3%,100.0%,1.0,28.5,-0.6,23.4,0.4,0.1,$1.2,5.44,5.49,0.15,-3.23,3.38,-3.00,-0.32,0.89,0.90,0.90,0.92,17,0.07,0.09,50.4%,94.1,25.3%,85.7,0.9%,85.9,5.0%,82.4,18.4%,89.2,,,,,0.2%,,1.8,2.2,-1.4,0.4,-0.5,,,0.42,1.03,-16.96,0.84,-0.29,,,30.8%,73.1%,47.2%,64.4%,84.8%,76.7%,38.7%,56.6%,11.0%,2,3,3,103,116,119,14.6%,10.6%,5.29,1.67,-0.75,27.1%,,4.4%,,,23.3%,21.8%,2.9%,2.1%,,18.4%,,,,93.8,,87.1,,,94.3,85.3,82.1,82.6,,89.2,,,-0.9,,-1.7,,,-4.9,-0.9,3.6,1.1,,-5.0,,,8.9,,4.1,,,6.0,1.8,-4.9,-4.5,,3.3,,,-4.6,,-0.5,,,6.6,1.7,0.1,0.2,,-0.6,,,-1.95,,-1.30,,,3.30,0.90,0.55,1.35,,-0.36,,,26.9%,68.8%,47.2%,59.2%,83.3%,76.2%,48.3%,18.4,0.7,0.9,-0.4,0.5,24 - 37,4.0%,44.8%,30.3%,24.8%,15.2%,57.6%,27.3%,5.80,28.3%,18.3%,,5.0%,31.5%,0.2%,,,,18.7%,26.1%,0.2%,89.2,,82.4,93.3,87.0,,,,95.7,85.6,69.2,-4.7,,3.2,-2.0,-0.3,,,,-3.8,-0.9,-1.5,1.7,,-6.4,7.8,4.0,,,,3.8,0.7,2.8,-0.6,,0.4,-4.7,0.0,,,,6.6,1.3,0.1,-0.39,,0.89,-1.73,-0.74,,,,4.08,0.56,6.67,26.9%,68.1%,47.1%,58.5%,83.7%,76.4%,49.1%,18.4,0.1,66,109,46,83,87,87,91,78,94,68,112,101,97,103,80,107,93,98,83,112,90,88.2,10.4,13,7.9%,112.3,57,34.5%,165,14.5%,25.4%,
SDP,31,3,3,4.67,23,6,0,0,1,2,54.0,229,54,28,28,8,16,0,4,2,0,54,67,56,31,6,318,571,889,25,2,1,1,9.00,2.67,3.38,9.00,1.33,.258,1.30,.313,73.2%,4.26,1.20,20.1%,43.5%,36.4%,10.7%,14.3%,3.0%,100.0%,7.2,34.1,-1.1,17.8,6.1,0.7,$5.7,4.18,4.11,-0.84,-4.71,3.87,-3.76,-0.42,1.00,0.92,1.06,1.13,17,-0.23,-0.61,49.1%,94.0,15.5%,83.0,6.0%,86.8,9.4%,78.1,17.9%,83.6,2.1%,87.8,,,0.3%,,-7.3,-0.1,1.0,1.8,5.3,-0.9,,-1.68,-0.09,1.80,2.18,3.34,-4.87,,34.4%,68.5%,48.3%,57.2%,82.3%,71.7%,40.9%,63.3%,13.6%,4,5,5,108,92,88,23.6%,7.0%,3.77,4.17,0.40,35.2%,,7.3%,1.6%,,14.1%,14.6%,9.2%,,,17.6%,0.3%,,,94.0,,86.4,87.6,,93.9,82.9,78.0,,,83.5,82.5,,-1.1,,1.2,-9.0,,-5.9,3.5,3.8,,,-4.0,-9.2,,10.7,,5.0,4.5,,7.3,2.7,-8.4,,,5.1,0.0,,-7.1,,0.6,0.5,,0.7,0.5,1.9,,,4.2,-1.1,,-2.26,,0.85,3.76,,0.54,0.37,2.37,,,2.67,-38.18,,32.2%,65.2%,48.4%,55.9%,80.0%,71.9%,49.2%,18.3,0.2,-0.3,-0.2,-0.5,23 - 36,16.6%,49.0%,27.7%,23.2%,23.2%,47.1%,29.7%,4.28,34.1%,18.3%,0.1%,9.1%,34.9%,5.1%,0.8%,,0.3%,13.6%,17.7%,,84.2,71.2,78.6,94.4,89.3,87.8,,83.0,94.4,83.7,,-3.9,11.2,4.3,-0.8,-0.1,-7.0,,-8.6,-5.4,4.2,,2.7,-11.9,-10.9,8.8,5.1,1.1,,-2.1,5.3,0.3,,4.7,0.7,1.2,-6.6,-1.1,0.5,,-1.1,0.4,1.9,,2.91,72.44,1.50,-2.14,-2.37,7.44,,-38.18,0.34,1.23,,31.5%,65.0%,48.4%,54.7%,80.0%,71.8%,50.3%,18.3,0.1,109,73,77,107,100,106,96,110,96,109,73,101,99,101,100,117,85,91,127,91,98,86.7,12.2,12,7.7%,113.5,50,32.3%,155,15.7%,29.4%,
CHC,30,2,3,4.70,21,5,0,0,0,1,44.0,189,42,24,23,4,19,0,2,2,0,51,55,34,25,5,269,459,728,28,4,3,1,10.43,3.89,2.68,8.59,0.82,.250,1.39,.336,67.9%,3.52,1.62,21.9%,48.2%,29.8%,14.7%,11.8%,7.3%,33.3%,4.6,24.4,3.4,16.8,8.0,0.9,$7.2,3.80,3.66,-0.61,-3.68,3.06,-1.48,-0.13,0.99,0.77,0.76,0.73,16,0.19,-0.81,46.7%,92.9,21.3%,84.4,12.7%,89.6,11.5%,78.9,5.9%,86.0,1.9%,84.4,,,0.5%,,-6.1,5.7,3.2,-1.6,-0.2,0.0,,-1.81,3.73,3.53,-1.93,-0.58,0.09,,31.1%,71.4%,47.7%,55.6%,83.5%,72.8%,41.0%,61.9%,13.0%,0,2,3,105,76,78,27.0%,10.1%,3.66,5.73,1.18,25.4%,,13.8%,3.2%,,21.2%,18.2%,7.6%,5.9%,,4.7%,,,,93.5,,89.3,84.8,,92.1,84.0,81.4,77.9,,86.1,,,-3.7,,2.0,-5.9,,-4.0,1.0,6.1,1.8,,-8.0,,,8.8,,4.5,2.6,,6.4,0.9,-4.1,-0.8,,4.9,,,-5.3,,2.9,0.1,,-0.4,3.8,1.6,-0.8,,-0.4,,,-2.85,,2.89,0.62,,-0.27,2.85,2.87,-1.91,,-1.04,,,27.0%,68.8%,47.7%,47.5%,82.6%,72.5%,49.5%,18.8,0.4,-0.4,-0.1,-0.5,25 - 35,16.9%,47.0%,30.8%,22.2%,18.8%,53.0%,28.2%,4.24,39.2%,6.1%,,10.3%,26.1%,12.4%,1.9%,,,20.7%,22.5%,,86.5,,78.9,94.1,89.9,84.8,,,92.4,84.8,,-7.5,,3.2,-3.4,2.3,-3.8,,,-3.6,2.5,,2.7,,-5.0,7.7,3.3,1.5,,,5.2,-0.4,,-1.6,,-0.8,-2.9,3.1,0.0,,,-1.5,5.3,,-3.54,,-1.05,-1.54,3.44,0.05,,,-1.03,3.23,,27.2%,67.5%,47.7%,45.4%,83.1%,72.5%,50.9%,18.8,0.1,126,106,100,102,61,102,103,118,93,125,106,110,110,83,82,112,95,87,103,103,93,86.2,9.4,4,3.4%,109.7,39,33.3%,117,15.4%,28.4%,
SFG,31,2,2,4.76,14,4,0,0,1,0,34.0,143,30,19,18,8,12,0,1,3,0,36,48,29,17,2,206,352,558,19,1,0,0,9.53,3.18,3.00,7.94,2.12,.231,1.24,.256,75.5%,5.32,1.66,18.1%,51.1%,30.9%,6.9%,27.6%,2.1%,0.0%,-0.2,20.2,-0.9,13.1,-1.1,0.0,$0.2,5.17,3.71,-0.08,-2.23,2.15,-2.99,-0.32,0.74,0.66,0.66,0.57,10,-0.54,0.43,44.0%,93.2,29.5%,85.0,0.5%,87.7,6.1%,83.2,19.8%,87.0,,,,,0.5%,,-2.7,-0.8,-1.3,0.9,2.6,,,-1.09,-0.49,-41.82,2.75,2.33,,,31.8%,64.7%,44.7%,58.9%,85.1%,73.8%,39.3%,62.9%,11.6%,2,1,0,108,120,80,25.2%,8.4%,3.61,5.03,-0.55,11.4%,,1.3%,6.1%,,31.9%,30.1%,,5.6%,,13.7%,,,,91.6,,94.1,88.6,,93.6,85.0,,82.6,,86.3,,,-4.8,,-2.8,-9.4,,-6.9,3.1,,1.8,,-3.7,,,8.3,,6.5,3.9,,3.6,2.4,,-3.9,,0.8,,,-1.8,,-1.4,-0.3,,0.4,-0.4,,0.6,,2.9,,,-2.84,,-19.90,-0.92,,0.22,-0.25,,1.78,,3.78,,,29.3%,60.4%,44.7%,50.0%,85.5%,73.8%,49.5%,17.9,0.2,0.2,-0.1,0.1,25 - 35,16.8%,43.6%,34.0%,22.3%,23.4%,44.7%,31.9%,4.26,39.2%,16.0%,,2.3%,12.8%,1.3%,3.8%,,,30.5%,33.3%,,86.4,,78.0,93.6,94.1,90.5,,,93.1,85.2,,-4.1,,4.5,-1.8,-2.4,-8.4,,,-7.2,3.9,,0.2,,-7.7,9.0,5.7,1.1,,,1.6,0.6,,2.8,,0.5,-3.2,-1.4,-0.2,,,1.8,-0.4,,3.11,,4.08,-4.52,-19.85,-0.98,,,1.07,-0.24,,29.8%,60.9%,44.7%,52.3%,85.2%,73.8%,47.9%,17.9,0.2,115,87,96,94,158,94,92,90,101,117,88,91,116,85,193,104,105,88,128,87,106,87.9,6.5,12,12.8%,117.8,38,40.4%,94,18.6%,30.3%,
NYM,31,3,3,4.76,25,6,0,0,1,0,51.0,217,52,27,27,11,21,0,0,1,0,50,65,53,27,8,346,535,881,17,3,1,1,8.82,3.71,2.38,9.18,1.94,.265,1.43,.304,79.9%,5.31,1.23,18.6%,44.8%,36.6%,15.1%,20.8%,4.6%,100.0%,1.0,30.2,-1.3,18.7,-0.3,0.0,$0.3,4.87,4.28,0.42,-3.11,3.52,-2.94,-0.27,0.82,0.79,0.79,0.76,19,-0.66,1.16,40.6%,93.1,25.7%,83.8,9.8%,89.6,8.1%,78.7,11.8%,85.4,3.4%,84.8,0.5%,68.5,0.8%,,-6.2,2.8,1.7,-1.6,-0.8,1.0,0.3,-1.76,1.24,2.02,-2.27,-0.75,3.21,7.37,31.0%,65.7%,44.1%,60.9%,86.6%,75.3%,37.6%,58.1%,10.8%,7,5,1,113,118,92,23.0%,9.7%,4.13,3.00,-0.54,32.8%,,10.8%,,3.0%,8.3%,24.7%,7.6%,0.7%,,12.1%,,,,92.8,,89.5,,84.6,92.3,83.7,78.2,84.9,,85.4,,,-5.3,,0.0,,-4.9,-0.1,1.2,5.6,3.6,,-4.5,,,9.7,,6.1,,2.7,4.9,0.3,-4.5,-6.6,,2.8,,,-5.0,,1.6,,1.1,-1.2,3.3,-1.7,0.1,,-1.3,,,-1.75,,1.64,,4.15,-1.70,1.55,-2.52,1.13,,-1.18,,,28.1%,62.2%,44.2%,54.6%,86.0%,75.5%,47.1%,18.2,0.1,-0.2,0.3,0.1,26 - 38,13.4%,39.0%,34.9%,26.0%,11.6%,50.7%,37.7%,4.67,37.8%,12.1%,,7.2%,32.0%,11.1%,3.0%,,,9.2%,25.5%,,85.7,,78.0,93.0,89.6,84.6,,,92.5,83.8,,-4.1,,6.4,-4.5,0.9,-4.3,,,-0.6,2.1,,1.2,,-7.5,8.4,4.7,1.0,,,3.7,-1.3,,-1.3,,-0.6,-5.2,1.8,1.1,,,-1.1,2.2,,-1.18,,-1.02,-1.84,1.83,4.15,,,-1.41,0.98,,28.8%,61.6%,44.2%,56.0%,85.8%,75.5%,46.9%,18.2,0.1,106,101,86,109,145,108,107,106,107,107,102,94,102,101,145,93,107,102,64,98,125,90.0,14.7,12,8.2%,112.3,61,41.8%,146,16.6%,27.4%,
CIN,28,3,2,4.80,28,5,0,0,2,1,45.0,205,47,26,24,3,21,0,1,3,0,45,57,42,34,8,285,499,784,25,4,4,1,9.00,4.20,2.14,9.40,0.60,.257,1.51,.326,66.4%,3.56,1.36,25.6%,42.9%,31.6%,19.0%,7.1%,7.0%,25.0%,6.2,24.2,5.8,18.7,12.0,1.2,$9.9,4.51,4.29,0.26,-4.03,4.29,-0.93,-0.09,1.25,1.12,1.48,1.61,23,0.34,-0.13,38.9%,94.3,27.2%,84.4,12.4%,93.4,5.4%,80.5,12.9%,86.2,3.2%,81.6,,,0.3%,,-2.8,1.4,2.9,-2.2,-0.7,0.1,,-0.94,0.64,3.04,-5.34,-0.72,0.41,,30.7%,67.0%,46.4%,55.9%,86.3%,74.9%,43.4%,67.3%,11.6%,6,9,6,100,73,92,22.0%,10.2%,4.29,5.00,1.24,30.3%,,12.3%,3.2%,,8.4%,24.2%,8.6%,,,13.0%,,,,94.4,,93.5,81.4,,92.6,85.2,79.3,,,86.2,,,-2.4,,0.8,-3.8,,-2.4,3.7,-5.5,,,-1.7,,,8.4,,5.0,1.8,,4.7,0.7,0.0,,,1.9,,,-1.3,,3.4,0.1,,-1.9,-1.4,1.1,,,-0.6,,,-0.56,,3.58,0.39,,-2.92,-0.74,1.69,,,-0.54,,,29.1%,63.5%,46.5%,49.1%,86.5%,75.0%,50.8%,18.3,0.4,-0.4,-0.5,-0.8,23 - 33,11.7%,35.0%,34.3%,30.7%,18.2%,54.7%,27.0%,4.87,33.7%,11.8%,,1.3%,28.7%,12.5%,4.4%,,,9.3%,31.4%,0.5%,86.2,,78.9,95.0,93.7,83.8,,,92.9,84.1,99.3,-1.3,,1.8,-2.7,1.4,-4.3,,,-0.2,1.5,0.0,0.3,,-6.1,7.4,3.8,0.8,,,3.5,-0.7,0.0,0.8,,0.0,-0.9,3.3,-1.3,,,-1.7,-0.3,0.0,0.82,,-0.08,-0.42,3.38,-3.68,,,-2.33,-0.13,-0.33,27.7%,65.0%,46.8%,47.6%,85.7%,74.7%,51.2%,18.3,-0.1,109,115,86,111,45,105,112,114,90,102,108,129,97,87,50,83,105,120,100,106,89,88.8,12.2,6,4.3%,111.1,48,34.8%,138,17.1%,28.7%,
ARI,29,3,3,5.29,26,6,0,0,3,1,51.0,228,47,31,30,13,30,0,2,1,0,51,50,59,36,4,365,531,896,19,3,0,0,9.00,5.29,1.70,8.29,2.29,.240,1.51,.258,78.9%,6.42,0.85,24.8%,34.5%,40.7%,6.8%,22.0%,6.0%,0.0%,-0.4,27.4,-8.0,20.8,-8.4,-0.7,($5.7),7.23,5.09,-0.46,-4.49,4.02,-7.39,-0.80,1.03,1.08,1.35,1.50,20,-0.67,0.22,42.0%,93.6,24.6%,84.4,7.4%,88.3,9.9%,80.8,14.8%,84.7,1.3%,87.5,,,0.3%,,-4.6,1.0,2.6,-3.9,-2.3,-1.2,,-1.22,0.45,4.01,-4.45,-1.78,-10.02,,29.1%,67.3%,44.6%,52.9%,84.8%,72.4%,40.4%,53.1%,12.3%,1,8,3,116,143,110,22.4%,13.2%,4.74,3.35,-1.13,29.2%,,12.0%,1.3%,,12.5%,20.2%,5.0%,4.8%,,14.9%,,,,93.6,,87.8,87.3,,93.4,83.8,78.8,82.8,,84.7,,,-3.3,,-0.1,-4.3,,-7.7,3.1,1.0,1.5,,-6.9,,,10.4,,4.3,3.0,,5.2,0.6,-4.5,-6.1,,3.6,,,-6.0,,2.0,-1.2,,1.7,1.5,-0.3,-3.4,,-2.4,,,-2.29,,1.90,-10.02,,1.52,0.85,-0.69,-7.92,,-1.78,,,25.9%,65.6%,44.6%,50.4%,82.2%,72.4%,46.9%,19.2,0.3,0.3,0.7,1.0,23 - 34,9.2%,37.9%,33.8%,28.3%,20.0%,44.8%,35.2%,5.17,41.2%,14.9%,,9.9%,28.3%,7.3%,1.3%,,,13.3%,25.0%,,85.1,,81.1,94.1,87.9,87.6,,,93.6,85.0,,-6.5,,2.0,-2.5,-1.1,-3.7,,,-7.1,3.4,,1.9,,-7.0,9.0,4.9,1.5,,,4.2,-0.9,,-2.4,,-3.7,-5.2,1.8,-1.2,,,1.0,1.7,,-1.78,,-4.22,-2.07,2.80,-10.02,,,0.86,0.75,,25.8%,64.5%,44.5%,48.7%,82.7%,72.5%,48.3%,19.2,-0.1,109,145,69,98,171,98,112,90,104,104,138,125,78,113,154,90,104,111,109,87,117,90.5,14.7,14,9.7%,111.1,67,46.2%,145,14.6%,26.9%,
BAL,29,3,2,5.36,25,5,0,0,2,1,43.2,189,44,29,26,7,11,0,5,3,0,39,51,56,26,2,244,455,699,32,5,1,0,8.04,2.27,3.55,9.07,1.44,.254,1.26,.291,61.8%,4.62,0.91,19.5%,38.3%,42.1%,3.6%,12.5%,9.8%,0.0%,-1.4,20.2,1.1,20.2,-0.4,0.0,$0.2,4.70,4.73,-0.57,-3.77,3.21,-6.82,-0.63,0.97,0.87,1.20,1.28,20,-0.29,-0.29,50.5%,94.2,17.4%,84.1,8.0%,89.1,8.6%,79.9,13.3%,84.9,2.2%,87.1,,,0.3%,,-1.5,1.2,-0.9,-2.4,1.2,0.0,,-0.42,1.02,-1.58,-4.04,1.28,-0.22,,31.8%,65.3%,45.8%,70.5%,85.3%,79.3%,41.8%,65.6%,9.4%,5,5,3,126,113,114,20.6%,5.8%,4.00,6.60,0.73,39.7%,,7.6%,2.1%,,10.7%,16.3%,8.3%,1.9%,,13.3%,,,,94.7,,89.2,87.1,,92.3,84.7,78.4,84.5,,84.8,,,-1.4,,0.8,-4.4,,-0.8,1.3,-0.3,-0.1,,-4.3,,,10.3,,6.1,5.1,,6.0,0.9,-4.6,-6.4,,4.9,,,-3.0,,-1.0,0.0,,1.8,1.3,-2.9,0.1,,1.4,,,-1.07,,-1.80,-0.04,,2.36,1.11,-4.99,0.65,,1.52,,,30.5%,59.2%,45.8%,66.7%,85.1%,79.4%,53.4%,19.5,-0.3,0.2,-0.6,-0.3,26 - 35,14.8%,38.1%,41.8%,20.1%,12.7%,53.0%,34.3%,4.50,30.2%,13.3%,,9.0%,34.7%,7.3%,2.1%,,,14.0%,19.5%,,85.4,,81.6,94.9,91.3,87.9,,,94.1,84.5,,-3.7,,2.7,-0.7,1.3,-3.7,,,-1.0,0.8,,3.0,,-7.6,8.8,5.3,2.9,,,5.7,0.0,,1.4,,-2.4,-3.3,-2.6,0.0,,,2.0,2.6,,1.52,,-3.75,-1.37,-5.00,-0.04,,,2.03,1.88,,29.7%,59.5%,45.8%,65.3%,84.9%,79.1%,54.2%,19.5,-0.1,90,71,94,103,125,102,95,95,84,89,71,100,88,114,104,93,120,82,79,104,104,89.7,13.3,10,7.5%,109.9,52,38.8%,134,19.2%,28.6%,
WSN,29,1,4,5.40,23,5,0,0,1,1,45.0,193,46,31,27,11,18,0,0,2,0,33,68,56,18,3,288,484,772,15,6,0,0,6.60,3.60,1.83,9.20,2.20,.263,1.42,.267,67.9%,6.14,1.21,12.7%,47.9%,39.4%,5.4%,19.6%,8.8%,0.0%,-1.1,23.1,-3.4,20.5,-4.5,-0.3,($2.5),5.49,5.09,-1.06,-3.36,2.30,-8.43,-0.86,0.72,0.71,0.85,0.84,18,-0.95,-0.53,49.2%,93.9,22.6%,84.1,7.4%,89.0,9.6%,82.0,7.9%,85.8,3.2%,87.0,,,0.3%,,-0.7,-6.4,0.3,0.5,0.6,0.9,,-0.19,-3.66,0.45,0.74,1.06,3.46,,30.0%,68.1%,46.9%,66.7%,82.0%,76.5%,44.3%,56.5%,11.0%,6,4,2,119,131,110,17.1%,9.3%,4.76,3.00,-0.74,26.2%,,7.8%,2.1%,,22.9%,21.2%,8.3%,1.9%,,9.6%,,,,94.1,,89.1,89.0,,93.6,84.1,82.3,79.8,,85.5,,,-0.9,,-0.4,-6.5,,-4.4,1.5,1.1,4.6,,-5.0,,,9.1,,5.4,2.0,,6.5,1.1,-3.1,-6.0,,3.2,,,1.4,,0.2,-0.3,,-2.3,-2.0,-1.5,0.7,,0.4,,,0.71,,0.37,-1.78,,-1.32,-1.19,-2.34,4.34,,0.54,,,27.9%,63.8%,46.8%,63.7%,81.9%,76.7%,52.6%,18.3,-0.4,0.2,-0.3,-0.1,24 - 33,7.8%,37.3%,33.1%,29.6%,23.2%,40.8%,35.9%,5.34,32.1%,8.1%,,10.1%,33.6%,8.3%,4.2%,,,14.2%,21.5%,,86.5,,82.0,95.1,89.6,87.6,,,93.4,85.3,,-4.1,,2.9,-2.1,0.8,-5.6,,,-5.9,2.5,,2.3,,-5.4,8.1,4.3,-0.2,,,3.9,0.0,,0.3,,-0.2,-1.9,0.3,-0.8,,,2.9,-3.2,,0.54,,-0.26,-0.79,0.45,-2.53,,,2.92,-2.06,,27.2%,64.0%,46.9%,63.3%,82.0%,76.9%,53.5%,18.3,-0.3,80,98,61,109,164,107,106,94,92,79,98,64,109,109,138,89,102,116,127,79,119,89.2,7.8,18,12.7%,113.2,63,44.4%,142,15.4%,26.4%,
STL,29,2,3,5.40,22,5,0,0,1,2,45.0,204,54,27,27,5,20,0,2,3,0,46,64,40,32,3,299,521,820,27,6,0,0,9.20,4.00,2.30,10.80,1.00,.297,1.64,.374,71.0%,4.09,1.60,23.5%,47.1%,29.4%,7.5%,12.5%,9.4%,0.0%,-0.7,22.3,5.7,19.9,5.0,0.6,$5.1,4.43,4.17,-1.78,-4.46,2.68,-6.66,-0.73,0.95,0.77,1.08,1.14,17,-0.77,-1.11,54.4%,94.5,21.0%,84.6,3.5%,88.7,12.5%,77.8,7.7%,84.3,0.9%,92.0,,,0.2%,,-3.3,0.6,-0.3,0.3,-2.6,0.4,,-0.74,0.34,-0.95,0.26,-4.05,5.59,,31.6%,68.2%,47.1%,69.8%,80.9%,76.6%,42.3%,58.3%,11.0%,3,1,3,125,90,90,22.5%,9.8%,4.07,5.40,1.31,28.4%,,2.7%,,,24.7%,21.8%,11.4%,1.1%,,10.0%,,,,94.0,,88.2,,,95.1,84.8,78.0,74.7,,85.7,,,-0.8,,1.7,,,-0.1,3.6,0.1,7.5,,2.1,,,8.6,,2.4,,,5.8,0.4,-7.1,-5.8,,3.4,,,-1.0,,0.2,,,-1.9,0.0,-0.1,0.4,,-2.3,,,-0.44,,1.11,,,-0.95,0.02,-0.08,3.95,,-2.83,,,27.7%,66.6%,47.1%,62.3%,82.3%,76.4%,49.8%,18.4,-0.1,-0.9,0.1,-0.8,24 - 34,12.7%,39.0%,35.3%,25.7%,17.6%,47.8%,34.6%,4.74,34.8%,7.7%,,12.5%,26.8%,1.5%,2.0%,,,26.8%,22.9%,,84.4,,77.8,94.2,88.1,90.4,,,95.1,85.1,,4.0,,0.3,-0.5,0.4,-5.0,,,-0.7,4.0,,2.6,,-8.6,7.7,2.7,0.2,,,4.8,-0.9,,-2.7,,0.3,-0.9,0.1,0.6,,,-2.2,0.3,,-4.27,,0.28,-0.42,1.15,3.57,,,-1.02,0.17,,27.6%,66.3%,47.1%,62.5%,82.1%,76.4%,50.4%,18.4,0.1,111,109,62,128,75,121,122,131,97,105,103,118,107,81,88,93,108,101,96,93,115,89.0,6.7,11,8.1%,115.5,59,43.4%,136,16.3%,27.3%,
COL,30,2,4,5.76,21,6,0,0,1,0,50.0,215,46,32,32,9,23,0,1,2,1,44,55,60,28,8,316,524,840,22,4,2,0,7.92,4.14,1.91,8.28,1.62,.241,1.38,.268,66.2%,5.25,0.92,19.6%,38.5%,42.0%,13.3%,15.0%,7.3%,0.0%,0.2,29.4,1.3,19.2,1.5,0.2,$1.6,6.07,4.96,-1.00,-3.18,2.18,-9.22,-0.98,0.62,0.63,0.73,0.67,15,-0.74,-0.85,50.7%,93.3,25.3%,86.3,2.0%,90.7,13.0%,82.6,8.9%,82.9,,,,,0.2%,,-6.2,2.7,0.0,2.1,-3.8,,,-1.46,1.26,0.28,1.93,-5.09,,,28.3%,62.7%,43.0%,61.0%,87.5%,77.5%,42.6%,60.9%,9.6%,0,0,1,111,107,107,20.5%,10.7%,4.64,3.96,0.51,28.3%,,3.3%,,,22.4%,23.2%,6.9%,6.4%,,9.4%,,,,93.2,,88.0,,,93.2,86.2,81.9,84.1,,83.1,,,-2.6,,0.4,,,-3.7,-0.5,6.1,-1.3,,-1.0,,,9.4,,4.4,,,5.2,3.2,-3.3,-2.5,,5.2,,,-3.9,,0.9,,,-1.3,3.8,-1.2,1.5,,-3.9,,,-1.66,,3.19,,,-0.68,1.94,-2.05,2.83,,-4.90,,,23.7%,61.4%,43.2%,50.0%,87.6%,77.6%,51.7%,19.0,0.2,0.2,-0.3,0.0,26 - 33,9.8%,45.5%,31.7%,22.8%,17.9%,55.9%,26.2%,5.10,35.3%,9.1%,,13.0%,29.6%,2.0%,,,,21.1%,25.2%,,83.5,,83.1,93.4,91.1,,,,93.8,86.5,,-0.6,,3.2,-1.5,0.7,,,,-4.5,0.0,,3.2,,-5.0,7.5,4.2,,,,3.4,1.3,,-3.8,,2.5,-3.8,0.0,,,,-1.0,2.7,,-4.97,,2.27,-1.52,0.28,,,,-0.58,1.30,,24.3%,60.8%,43.2%,52.0%,87.1%,77.6%,51.8%,19.0,0.3,96,113,77,98,121,98,103,94,91,95,112,98,87,116,105,108,97,89,98,108,87,89.4,16.3,13,8.8%,112.7,65,44.2%,147,18.8%,28.5%,
CHW,30,2,3,5.86,24,5,0,0,1,1,43.0,200,43,29,28,9,26,0,6,4,2,50,45,47,24,4,317,513,830,19,1,2,1,10.47,5.44,1.92,9.00,1.88,.256,1.60,.312,73.7%,5.86,0.96,20.7%,38.8%,40.5%,8.5%,19.1%,2.2%,50.0%,0.0,25.5,-3.9,14.0,-3.9,-0.1,($0.6),5.99,5.00,-0.23,-3.94,3.71,-8.70,-0.92,1.06,0.97,1.31,1.42,19,-1.11,0.90,52.4%,94.5,23.6%,85.1,5.1%,88.8,8.2%,82.5,10.7%,85.7,,,,,0.1%,,-0.3,-1.5,0.0,-2.3,-0.9,,,-0.07,-0.78,0.03,-3.45,-1.00,,,30.1%,71.6%,46.6%,56.3%,82.6%,72.3%,39.6%,58.5%,12.9%,5,4,4,137,136,121,25.0%,13.0%,4.41,3.98,0.01,43.1%,,5.3%,,,9.7%,23.3%,5.3%,3.0%,,10.4%,,,,94.3,,88.5,,,95.1,85.1,82.6,82.4,,85.5,,,-4.0,,1.1,,,-4.0,1.9,2.4,2.0,,-8.1,,,10.1,,2.8,,,5.3,0.5,-2.4,-8.6,,5.2,,,-2.8,,-0.1,,,2.5,-1.4,-2.5,0.2,,-0.7,,,-0.79,,-0.29,,,3.17,-0.74,-5.69,0.72,,-0.85,,,27.4%,67.1%,46.4%,49.2%,82.4%,72.2%,48.0%,18.8,-0.2,0.0,-0.1,-0.1,23 - 36,12.0%,39.8%,28.8%,31.4%,13.6%,52.5%,33.9%,4.83,42.5%,10.7%,,6.3%,38.8%,5.1%,,,,13.5%,25.6%,,85.8,,82.1,94.1,88.8,,,,95.9,85.0,,-7.9,,1.8,-3.9,1.4,,,,-2.9,2.5,,3.9,,-7.7,9.3,1.6,,,,4.3,-1.1,,-0.9,,-1.3,-2.4,0.0,,,,2.3,-2.5,,-0.97,,-2.59,-0.75,-0.02,,,,2.02,-1.18,,27.0%,67.7%,46.6%,48.3%,82.2%,72.0%,48.1%,18.8,0.2,117,170,52,103,164,102,121,102,102,108,158,106,89,109,159,98,83,127,85,103,103,90.1,15.1,11,9.3%,111.9,52,44.1%,118,15.3%,28.2%,
DET,28,2,3,5.93,23,5,0,0,1,1,44.0,198,46,30,29,6,20,1,4,3,0,36,67,49,21,3,280,486,766,16,6,0,0,7.36,4.09,1.80,9.41,1.23,.264,1.50,.303,64.9%,5.00,1.37,15.3%,48.9%,35.8%,6.1%,12.2%,9.0%,0.0%,0.4,21.6,-2.4,19.6,-2.0,-0.2,($1.5),4.57,5.13,0.06,-3.55,3.60,-9.12,-1.05,1.00,0.93,0.95,0.97,18,-0.69,0.75,45.5%,93.4,20.9%,83.5,8.1%,85.8,8.9%,81.1,13.6%,85.4,3.0%,82.7,,,0.7%,,-3.3,3.0,-0.5,-0.7,-3.5,1.4,,-0.94,1.85,-0.84,-0.96,-3.40,6.21,,32.0%,69.6%,46.7%,68.5%,86.1%,78.7%,39.1%,58.1%,9.9%,2,4,4,141,122,124,18.2%,10.1%,4.67,3.27,0.93,33.6%,,8.1%,3.0%,,11.7%,21.4%,7.8%,0.8%,,13.6%,,,,93.0,,86.0,82.7,,94.7,83.3,81.2,80.6,,85.3,,,0.5,,-1.4,7.3,,-6.5,0.9,0.4,4.8,,2.4,,,9.9,,4.7,1.3,,5.5,0.9,-5.0,-7.2,,4.2,,,-5.4,,-0.5,1.2,,2.3,4.2,-1.1,-0.1,,-3.4,,,-2.09,,-0.83,5.30,,2.55,2.58,-1.84,-1.08,,-3.31,,,28.6%,65.2%,47.0%,63.3%,85.7%,78.9%,50.3%,18.7,-0.5,0.1,-0.4,-0.3,23 - 34,8.1%,42.3%,35.8%,21.9%,15.3%,51.8%,32.8%,5.30,31.3%,13.7%,,9.5%,33.0%,9.9%,2.9%,,,10.3%,20.6%,,85.9,,81.7,93.3,87.9,83.2,,,95.2,83.5,,2.2,,1.4,0.3,-1.6,7.1,,,-6.1,1.0,,2.4,,-6.6,8.7,3.8,-0.5,,,3.6,-0.5,,-3.5,,-1.1,-4.2,-1.7,1.2,,,2.4,4.6,,-3.32,,-1.44,-1.68,-2.21,5.34,,,3.00,2.91,,28.6%,65.2%,47.0%,63.3%,85.7%,78.9%,50.3%,18.7,0.3,82,128,52,107,107,106,113,99,89,79,122,78,113,96,85,104,103,89,96,101,100,88.9,11.4,6,4.3%,114.0,52,37.7%,138,16.4%,26.4%,
OAK,29,2,3,6.07,22,5,0,0,1,1,46.0,207,51,35,31,6,19,2,2,5,0,39,58,59,29,7,315,511,826,18,6,1,0,7.63,3.72,2.05,9.98,1.17,.274,1.52,.319,58.2%,4.60,0.98,19.9%,39.7%,40.4%,11.9%,10.2%,10.3%,0.0%,-0.6,21.5,2.2,21.7,1.6,0.3,$2.1,4.36,5.09,-1.34,-4.41,3.07,-14.76,-1.69,0.95,0.86,1.06,1.12,17,-0.86,-0.55,48.7%,93.0,28.8%,82.9,2.8%,88.4,6.9%,79.0,10.3%,85.0,2.4%,91.8,,,1.3%,,-0.3,-1.6,-1.3,0.6,-1.2,-0.3,,-0.08,-0.68,-5.46,1.13,-1.36,-1.34,,33.4%,70.4%,47.4%,64.9%,89.5%,78.7%,37.8%,54.1%,10.0%,2,5,3,150,115,123,18.8%,9.2%,4.59,3.52,1.47,40.0%,,2.1%,2.7%,,8.1%,30.1%,6.3%,,,10.7%,,,,93.0,,88.5,91.8,,93.1,82.7,79.9,,,85.3,,,-0.8,,-0.9,-8.4,,-6.5,-2.0,1.2,,,-3.7,,,9.2,,6.7,1.8,,3.4,1.2,-5.5,,,2.3,,,-2.0,,-1.1,0.4,,3.1,-1.9,0.8,,,-1.9,,,-0.62,,-6.20,1.73,,4.67,-0.76,1.61,,,-2.16,,,31.0%,65.9%,47.4%,63.7%,85.9%,78.2%,47.0%,19.1,-0.6,-0.1,-0.8,-0.9,25 - 33,9.7%,41.5%,36.1%,22.4%,19.7%,53.1%,27.2%,5.11,30.9%,10.3%,,6.6%,40.7%,2.8%,2.4%,,,8.0%,29.2%,,85.7,,80.8,93.6,88.8,92.1,,,93.8,83.1,,-2.8,,-0.8,-0.6,-0.1,-7.4,,,-5.9,-1.0,,0.7,,-4.6,8.0,4.2,0.1,,,2.0,-0.7,,-1.1,,0.9,-3.3,-1.3,0.8,,,3.1,-1.8,,-1.24,,1.68,-0.97,-5.46,3.80,,,4.74,-0.73,,30.9%,65.2%,47.4%,62.9%,86.0%,78.2%,48.1%,19.1,-0.3,85,116,66,114,102,110,115,104,80,81,111,102,92,109,85,102,104,91,123,104,83,88.1,15.1,5,3.4%,111.9,55,37.4%,147,14.5%,24.6%,
TOR,31,2,3,6.21,24,5,0,0,2,1,42.0,190,55,32,29,8,14,1,2,2,0,37,61,42,33,0,248,435,683,24,2,1,0,7.93,3.00,2.64,11.79,1.71,.316,1.64,.364,65.2%,5.08,1.45,24.3%,44.9%,30.9%,0.0%,19.0%,3.3%,0.0%,-2.9,22.4,1.3,17.5,-1.6,0.1,$0.7,5.79,4.32,-1.53,-3.87,2.34,-12.10,-1.32,0.79,0.80,0.95,0.97,19,-1.09,-0.86,55.6%,93.4,18.6%,84.3,3.8%,88.3,6.3%,81.0,7.2%,84.0,8.4%,86.2,,,0.9%,,-4.3,-2.4,-1.2,-0.5,-1.2,0.9,,-1.13,-1.89,-4.61,-1.23,-2.55,1.62,,32.5%,69.9%,47.3%,64.7%,79.8%,73.5%,39.7%,63.2%,12.6%,3,5,3,147,120,104,19.5%,7.4%,4.16,5.14,1.13,34.0%,,1.5%,6.6%,,21.3%,19.5%,7.5%,,,9.7%,,,,93.4,,87.5,85.2,,93.6,84.7,81.3,,,85.6,,,-4.6,,1.7,-8.3,,-4.7,2.1,6.5,,,-5.7,,,8.8,,5.6,2.7,,4.9,1.4,-3.3,,,4.0,,,0.2,,-1.4,0.6,,-2.6,-2.7,0.2,,,-2.4,,,0.09,,-13.79,1.40,,-1.79,-2.02,0.31,,,-3.66,,,31.0%,63.6%,47.4%,58.1%,79.8%,72.8%,50.3%,18.5,-0.4,-0.5,0.0,-0.5,25 - 35,12.1%,38.0%,42.3%,19.7%,9.5%,52.6%,38.0%,4.82,31.1%,9.7%,,1.0%,34.6%,3.2%,6.3%,,,21.1%,24.0%,,85.5,,69.9,93.5,88.0,85.6,,,93.4,83.9,,-5.7,,7.8,-4.3,1.1,-8.3,,,-4.4,3.8,,2.6,,-10.1,7.9,3.5,1.3,,,3.7,-1.0,,-1.0,,-1.7,0.4,-1.1,0.5,,,-4.2,-1.1,,-1.44,,-24.01,0.19,-4.95,1.18,,,-2.90,-0.69,,29.7%,64.2%,47.4%,56.6%,79.9%,72.8%,51.2%,18.5,0.1,89,94,76,134,149,126,124,119,88,84,89,124,103,83,158,93,122,80,59,103,115,92.0,9.8,11,8.0%,113.2,71,51.8%,137,16.3%,28.8%,
BOS,32,2,3,6.40,25,5,0,0,0,0,45.0,205,52,34,32,12,22,0,2,2,0,48,52,55,25,1,302,521,823,34,2,1,0,9.60,4.40,2.18,10.40,2.40,.287,1.64,.331,70.9%,6.16,0.95,18.9%,39.4%,41.7%,1.8%,21.8%,3.8%,0.0%,-11.2,20.1,2.9,24.2,-8.3,-0.6,($5.0),6.46,4.78,-1.13,-3.64,2.51,-10.25,-1.01,0.73,0.72,0.70,0.66,20,-1.44,-0.12,47.0%,93.6,19.6%,84.2,17.7%,88.4,6.2%,79.3,8.5%,83.5,1.0%,86.8,,,0.4%,,-6.3,-3.3,-1.7,-1.1,1.1,-0.8,,-1.63,-2.06,-1.17,-2.20,1.54,-9.42,,31.2%,64.0%,44.9%,65.8%,84.5%,76.9%,41.7%,59.0%,10.3%,3,1,2,143,148,115,23.4%,10.7%,4.23,6.80,0.24,33.2%,,18.8%,1.0%,,13.8%,17.8%,6.6%,,,8.9%,,,,94.2,,88.3,86.6,,92.2,83.9,79.5,,,83.5,,,-4.4,,0.8,-9.7,,-5.7,2.7,5.5,,,-5.1,,,9.5,,4.3,0.7,,4.0,-0.1,-4.3,,,2.6,,,-3.9,,-1.2,-0.8,,-2.5,-2.4,-0.6,,,0.7,,,-1.42,,-0.78,-9.42,,-2.22,-1.63,-1.05,,,0.95,,,27.4%,62.7%,44.9%,59.3%,84.3%,76.6%,49.6%,19.0,-0.5,-0.2,0.4,0.1,25 - 37,12.7%,38.3%,34.6%,27.1%,12.8%,49.6%,37.6%,4.75,40.0%,7.2%,,3.9%,33.0%,21.3%,2.9%,,,13.7%,17.9%,,85.1,,79.6,94.9,88.7,83.2,,,92.7,83.8,,-4.8,,5.5,-3.6,1.8,-4.6,,,-4.8,4.3,,1.0,,-11.1,8.2,2.5,-0.2,,,2.5,-1.3,,0.4,,-0.3,-3.1,-0.5,-0.5,,,-3.2,-3.6,,0.71,,-0.78,-1.13,-0.26,-1.92,,,-2.82,-2.44,,27.2%,62.0%,44.9%,60.0%,83.7%,76.6%,50.7%,19.0,0.0,107,138,70,119,209,115,124,108,98,101,130,97,91,112,181,94,100,110,80,97,114,91.0,11.3,16,12.0%,109.9,68,51.1%,133,18.3%,28.7%,
PHI,30,1,4,7.46,26,5,0,0,0,0,41.0,192,48,38,34,9,23,0,1,0,1,42,57,46,23,4,319,487,806,16,5,0,0,9.22,5.05,1.83,10.54,1.98,.286,1.73,.333,57.2%,5.79,1.24,18.3%,45.2%,36.5%,8.7%,19.6%,8.8%,0.0%,3.2,20.5,-3.8,17.7,-0.5,0.0,$0.2,5.60,4.85,-1.04,-2.85,1.80,-18.62,-1.98,0.64,0.57,0.57,0.49,21,-0.98,-0.65,47.6%,93.0,25.6%,86.1,7.2%,88.2,10.4%,79.0,5.8%,85.2,3.4%,89.9,,,0.1%,,-10.8,1.0,0.4,0.5,-0.1,-1.9,,-2.82,0.50,0.72,0.58,-0.26,-6.92,,28.0%,66.6%,43.5%,54.1%,83.7%,72.3%,40.1%,57.8%,12.0%,0,1,4,164,123,105,21.9%,12.0%,4.54,3.51,1.68,34.9%,,5.7%,3.4%,,11.8%,28.0%,6.2%,3.7%,,6.3%,,,,92.1,,89.5,89.8,,95.8,85.7,78.3,81.0,,84.9,,,-2.8,,1.0,-8.5,,-0.8,-0.4,-1.6,7.5,,-7.7,,,9.2,,5.8,2.5,,6.6,2.2,-3.6,-5.3,,3.2,,,-7.1,,0.7,-1.9,,-2.3,1.3,1.5,-1.6,,-0.4,,,-2.52,,1.45,-6.92,,-2.44,0.60,2.91,-5.24,,-0.74,,,24.7%,63.0%,43.7%,49.0%,80.6%,71.6%,49.7%,19.0,-0.8,-0.4,-0.5,-0.8,26 - 35,9.9%,40.5%,29.4%,30.2%,17.5%,46.8%,35.7%,5.09,38.5%,6.2%,,8.0%,34.7%,7.5%,3.4%,,,12.4%,28.0%,,84.9,,78.2,92.1,89.1,89.6,,,95.7,85.4,,-7.6,,2.3,-2.3,1.1,-7.9,,,-0.7,-0.2,,1.8,,-6.8,8.2,4.4,0.7,,,5.4,0.5,,-0.4,,0.2,-7.0,1.6,-1.9,,,-2.4,0.1,,-0.72,,0.35,-2.52,2.61,-6.92,,,-2.38,0.05,,25.2%,62.3%,43.7%,48.0%,81.2%,71.6%,49.8%,19.0,-0.1,111,138,58,125,148,117,129,117,78,101,126,92,103,101,137,96,90,118,95,91,118,90.1,11.5,14,11.1%,112.8,55,43.7%,126,17.0%,29.0%,
